Workbook

Sheet Índice
A1: Veedores y Coordinadores por Recinto – Cantón Latacunga
A2: Recintos y juntas: CNE, Distributivo de Recintos Electorales, corte al 11 de agosto de 2026 (Seccionales y CPCCS 2027)
A4: Parroquia | B4: Tipo | C4: N° recintos | D4: N° juntas (JRV)
A5: Eloy Alfaro (San Felipe) | B5: Urbana | C5: 7 | D5: 91
A6: Ignacio Flores | B6: Urbana | C6: 5 | D6: 55
A7: Juan Montalvo (San Sebastián) | B7: Urbana | C7: 5 | D7: 48
A8: La Matriz | B8: Urbana | C8: 8 | D8: 76
A9: San Buenaventura | B9: Urbana | C9: 2 | D9: 17
A10: Aláquez | B10: Rural | C10: 2 | D10: 19
A11: Belisario Quevedo | B11: Rural | C11: 2 | D11: 15
A12: Guaytacama | B12: Rural | C12: 1 | D12: 25
A13: Joséguango Bajo (Santa Marianita) | B13: Rural | C13: 1 | D13: 6
A14: Mulaló | B14: Rural | C14: 3 | D14: 23
A15: Once de Noviembre (Ilinchisí) | B15: Rural | C15: 1 | D15: 7
A16: Poaló | B16: Rural | C16: 2 | D16: 15
... A19: Toacaso | B19: Rural | C19: 3 | D19: 31
A20: TOTAL LATACUNGA | C20: 49 | D20: 492
A22: La numeración de juntas (N° JRV) sigue exactamente al CNE. Ver la pestaña "Verificado" para el cruce recinto por recinto.

Sheet Eloy Alfaro (San Felipe)
A1: Parroquia Eloy Alfaro (San Felipe) — Cantón Latacunga
A3: COORDINADORES POR RECINTO
A4: N° | B4: Recinto electoral | C4: Dirección | D4: N° de Juntas (JRV) | E4: N° de electores | F4: Nombre del coordinador | G4: Cédula | H4: Teléfono | I4: Observaciones
A5: 1 | B5: ESC. DE EDUCACION BASICA CLUB ROTARIO | C5: ALBERTO VAREA QUEVEDO Y DEMETRIO AGUILERA MALTA | D5: 12 | E5: 4200
A6: 2 | B6: U.E. JORGE ICAZA | C6: TANICUCHI Y SAQUISILI- SALCEDO | D6: 12 | E6: 4200
A7: 3 | B7: U.E. JUAN ABEL ECHEVERRIA | C7: AV SIMON RODRIGUEZ Y HONDURAS | D7: 13 | E7: 4550
A8: 4 | B8: U. E. LIC. JAIME ANDRADE FABARA | C8: RIO YANAYACHO Y RIO PITA | D8: 12 | E8: 4200
A9: 5 | B9: U.E. MONSEÑOR LEONIDAS PROAÑO/LATACUNGA | C9: AV INDOAMÉRICA Y MEXICO | D9: 8 | E9: 2800
A10: 6 | B10: U.E. ANA PAEZ MANUEL SALCEDO/ ESCUELA MANUEL SALCEDO | C10: AV. IVERO AMERICANO Y AV. 5 DE JUNIO | D10: 10 | E10: 3500
A11: 7 | B11: U.E. ANA PAEZ MANUEL SALCEDO/ ESCUELA ANA PAEZ | C11: AV. MANUEL TERAN AV. 5 DE JUNIO | D11: 24 | E11: 8123
A13: VEEDORES POR JUNTA RECEPTORA DEL VOTO (JRV)
A14: N° JRV | B14: Recinto electoral | D14: Nombre del veedor | E14: Cédula | F14: Teléfono | G14: Observaciones
A15: 1F | B15: ESC. DE EDUCACION BASICA CLUB ROTARIO
A16: 2F | B16: ESC. DE EDUCACION BASICA CLUB ROTARIO
A17: 3F | B17: ESC. DE EDUCACION BASICA CLUB ROTARIO
A18: 4F | B18: ESC. DE EDUCACION BASICA CLUB ROTARIO
A19: 5F | B19: ESC. DE EDUCACION BASICA CLUB ROTARIO
A20: 6F | B20: ESC. DE EDUCACION BASICA CLUB ROTARIO
A21: 7F | B21: ESC. DE EDUCACION BASICA CLUB ROTARIO
A22: 1M | B22: ESC. DE EDUCACION BASICA CLUB ROTARIO
A23: 2M | B23: ESC. DE EDUCACION BASICA CLUB ROTARIO
A24: 3M | B24: ESC. DE EDUCACION BASICA CLUB ROTARIO
A25: 4M | B25: ESC. DE EDUCACION BASICA CLUB ROTARIO
A26: 5M | B26: ESC. DE EDUCACION BASICA CLUB ROTARIO
... A105: 44M | B105: U.E. ANA PAEZ MANUEL SALCEDO/ ESCUELA ANA PAEZ

Sheet Ignacio Flores
A1: Parroquia Ignacio Flores — Cantón Latacunga
A3: COORDINADORES POR RECINTO
A4: N° | B4: Recinto electoral | C4: Dirección | D4: N° de Juntas (JRV) | E4: N° de electores | F4: Nombre del coordinador | G4: Cédula | H4: Teléfono | I4: Observaciones
A5: 1 | B5: U.E. LUIS FERNANDO RUIZ | C5: AV. TRAJANO NARANJO Y 11 DE NOVIEMBRE | D5: 16 | E5: 5600
A6: 2 | B6: U.E. 11 DE NOVIEMBRE | C6: SANTIAGO ZAMORA Y AV. RUMIÑAHUI Y ATAHUALPA | D6: 14 | E6: 4900
A7: 3 | B7: U.E. JOSE MARIA VELASCO IBARRA | C7: QUITO Y ATAHUALPA | D7: 9 | E7: 3150
A8: 4 | B8: UNIDAD EDUCATIVA RAMON BARBA NARANJO/ CENTRO | C8: AV. UNIDAD NACIONAL Y AV. RUMIÑAHUI | D8: 14 | E8: 4659
A9: 5 | B9: UNIDAD EDUCATIVA INTERCULTURAL BILINGUE SUMAK KAWSAY | C9: VIA PALOPO | D9: 2 | E9: 286
A11: VEEDORES POR JUNTA RECEPTORA DEL VOTO (JRV)
A12: N° JRV | B12: Recinto electoral | D12: Nombre del veedor | E12: Cédula | F12: Teléfono | G12: Observaciones
A13: 1F | B13: U.E. LUIS FERNANDO RUIZ
A14: 2F | B14: U.E. LUIS FERNANDO RUIZ
A15: 3F | B15: U.E. LUIS FERNANDO RUIZ
A16: 4F | B16: U.E. LUIS FERNANDO RUIZ
A17: 5F | B17: U.E. LUIS FERNANDO RUIZ
A18: 6F | B18: U.E. LUIS FERNANDO RUIZ
A19: 7F | B19: U.E. LUIS FERNANDO RUIZ
A20: 8F | B20: U.E. LUIS FERNANDO RUIZ
A21: 9F | B21: U.E. LUIS FERNANDO RUIZ
A22: 1M | B22: U.E. LUIS FERNANDO RUIZ
A23: 2M | B23: U.E. LUIS FERNANDO RUIZ
A24: 3M | B24: U.E. LUIS FERNANDO RUIZ
... A67: 1M | B67: UNIDAD EDUCATIVA INTERCULTURAL BILINGUE SUMAK KAWSAY

Sheet Juan Montalvo (San Sebastián)
A1: Parroquia Juan Montalvo (San Sebastián) — Cantón Latacunga
A3: COORDINADORES POR RECINTO
A4: N° | B4: Recinto electoral | C4: Dirección | D4: N° de Juntas (JRV) | E4: N° de electores | F4: Nombre del coordinador | G4: Cédula | H4: Teléfono | I4: Observaciones
A5: 1 | B5: U.E. VICENTE LEON (LA COCHA) | C5: AV. TAHUANTINSUYO Y CARANQUIS | D5: 14 | E5: 4900
A6: 2 | B6: UNIDAD EDUCATIVA JOSÉ MARÍA VELAZ | C6: ISLA SEYMOUR Y GUAYAQUIL | D6: 8 | E6: 2800
A7: 3 | B7: UNIDAD EDUCATIVA LUIS FERNANDO VIVERO | C7: CALLE ISLA SEYMOUR Y JUAN ABEL ECHEVERIA | D7: 10 | E7: 3500
A8: 4 | B8: U.E. SEMILLITAS DE VIDA | C8: GRAL. PROAÑO Y QUIJANO Y ORDOÑEZ | D8: 8 | E8: 2800
A9: 5 | B9: SINDICATO DE CHOFERES DE COTOPAXI | C9: QUIJANO Y ORDOÑEZ Y FELIZ VALENCIA | D9: 8 | E9: 2488
A11: VEEDORES POR JUNTA RECEPTORA DEL VOTO (JRV)
A12: N° JRV | B12: Recinto electoral | D12: Nombre del veedor | E12: Cédula | F12: Teléfono | G12: Observaciones
A13: 1F | B13: U.E. VICENTE LEON (LA COCHA)
A14: 2F | B14: U.E. VICENTE LEON (LA COCHA)
A15: 3F | B15: U.E. VICENTE LEON (LA COCHA)
A16: 4F | B16: U.E. VICENTE LEON (LA COCHA)
A17: 5F | B17: U.E. VICENTE LEON (LA COCHA)
A18: 6F | B18: U.E. VICENTE LEON (LA COCHA)
A19: 7F | B19: U.E. VICENTE LEON (LA COCHA)
A20: 8F | B20: U.E. VICENTE LEON (LA COCHA)
A21: 1M | B21: U.E. VICENTE LEON (LA COCHA)
A22: 2M | B22: U.E. VICENTE LEON (LA COCHA)
A23: 3M | B23: U.E. VICENTE LEON (LA COCHA)
A24: 4M | B24: U.E. VICENTE LEON (LA COCHA)
... A60: 23M | B60: SINDICATO DE CHOFERES DE COTOPAXI

Sheet La Matriz
A1: Parroquia La Matriz — Cantón Latacunga
A3: COORDINADORES POR RECINTO
A4: N° | B4: Recinto electoral | C4: Dirección | D4: N° de Juntas (JRV) | E4: N° de electores | F4: Nombre del coordinador | G4: Cédula | H4: Teléfono | I4: Observaciones
A5: 1 | B5: U.E. LA INMACULADA | C5: ANTONIA VELA Y TARQUI | D5: 8 | E5: 2800
A6: 2 | B6: U.E. PCEI VICENTE LEÓN Y ARGUELLES / COL. VICENTE LEON DEL CENTRO | C6: BELISARIO QUEVEDO Y GRAL. PROAÑO | D6: 8 | E6: 2800
A7: 3 | B7: U.E. PARTICULAR SAN JOSE LA SALLE | C7: QUIJANO Y ORDOÑEZ Y GRAL. MALDONADO | D7: 8 | E7: 2800
A8: 4 | B8: U.E. VICTORIA VASCONEZ CUVI | C8: FELIX VALENCIA Y SANCHEZ DE ORELLANA ENTRE QUITO | D8: 12 | E8: 4200
A9: 5 | B9: U. E. ISIDRO AYORA | C9: QUIJANO Y ORDOÑEZ Y TARQUI | D9: 8 | E9: 2800
A10: 6 | B10: U.E. PRIMERO DE ABRIL | C10: AV.ORIENTE Y HERMANAS PAEZ | D10: 8 | E10: 2800
A11: 7 | B11: U.E. VICTORIA VASCONEZ CUVI / ELVIRA ORTEGA - SUR | C11: SANCHEZ DE ORELLANA Y FELIX VALENCIA Y QUITO | D11: 16 | E11: 5600
A12: 8 | B12: U.E. VASCONEZ CUVI / SIMON BOLIVAR BLOQUE NORTE | C12: CALIXTO PINO Y SANCHEZ DE ORELLANA | D12: 8 | E12: 2811
A14: VEEDORES POR JUNTA RECEPTORA DEL VOTO (JRV)
A15: N° JRV | B15: Recinto electoral | D15: Nombre del veedor | E15: Cédula | F15: Teléfono | G15: Observaciones
A16: 1F | B16: U.E. LA INMACULADA
A17: 2F | B17: U.E. LA INMACULADA
A18: 3F | B18: U.E. LA INMACULADA
A19: 4F | B19: U.E. LA INMACULADA
A20: 1M | B20: U.E. LA INMACULADA
A21: 2M | B21: U.E. LA INMACULADA
A22: 3M | B22: U.E. LA INMACULADA
A23: 4M | B23: U.E. LA INMACULADA
A24: 5F | B24: U.E. PCEI VICENTE LEÓN Y ARGUELLES / COL. VICENTE LEON DEL CENTRO
A25: 6F | B25: U.E. PCEI VICENTE LEÓN Y ARGUELLES / COL. VICENTE LEON DEL CENTRO
A26: 7F | B26: U.E. PCEI VICENTE LEÓN Y ARGUELLES / COL. VICENTE LEON DEL CENTRO
A27: 8F | B27: U.E. PCEI VICENTE LEÓN Y ARGUELLES / COL. VICENTE LEON DEL CENTRO
... A91: 36M | B91: U.E. VASCONEZ CUVI / SIMON BOLIVAR BLOQUE NORTE

Sheet San Buenaventura
A1: Parroquia San Buenaventura — Cantón Latacunga
A3: COORDINADORES POR RECINTO
A4: N° | B4: Recinto electoral | C4: Dirección | D4: N° de Juntas (JRV) | E4: N° de electores | F4: Nombre del coordinador | G4: Cédula | H4: Teléfono | I4: Observaciones
A5: 1 | B5: ESC. DE EDUCACION BASICA NUMA POMPILIO LLONA | C5: SAN BARTOLOME Y AV. SAN AGUSTIN | D5: 7 | E5: 2450
A6: 2 | B6: U.E. 14 DE JULIO - JUAN ABEL ECHEVERRIA | C6: AV. MIGUEL ITURRALDE Y LAS AGUILAS | D6: 10 | E6: 3393
A8: VEEDORES POR JUNTA RECEPTORA DEL VOTO (JRV)
A9: N° JRV | B9: Recinto electoral | D9: Nombre del veedor | E9: Cédula | F9: Teléfono | G9: Observaciones
A10: 1F | B10: ESC. DE EDUCACION BASICA NUMA POMPILIO LLONA
A11: 2F | B11: ESC. DE EDUCACION BASICA NUMA POMPILIO LLONA
A12: 3F | B12: ESC. DE EDUCACION BASICA NUMA POMPILIO LLONA
A13: 4F | B13: ESC. DE EDUCACION BASICA NUMA POMPILIO LLONA
A14: 1M | B14: ESC. DE EDUCACION BASICA NUMA POMPILIO LLONA
A15: 2M | B15: ESC. DE EDUCACION BASICA NUMA POMPILIO LLONA
A16: 3M | B16: ESC. DE EDUCACION BASICA NUMA POMPILIO LLONA
A17: 5F | B17: U.E. 14 DE JULIO - JUAN ABEL ECHEVERRIA
A18: 6F | B18: U.E. 14 DE JULIO - JUAN ABEL ECHEVERRIA
A19: 7F | B19: U.E. 14 DE JULIO - JUAN ABEL ECHEVERRIA
A20: 8F | B20: U.E. 14 DE JULIO - JUAN ABEL ECHEVERRIA
A21: 9F | B21: U.E. 14 DE JULIO - JUAN ABEL ECHEVERRIA
... A26: 8M | B26: U.E. 14 DE JULIO - JUAN ABEL ECHEVERRIA

Sheet Aláquez
A1: Parroquia Aláquez — Cantón Latacunga
A3: COORDINADORES POR RECINTO
A4: N° | B4: Recinto electoral | C4: Dirección | D4: N° de Juntas (JRV) | E4: N° de electores | F4: Nombre del coordinador | G4: Cédula | H4: Teléfono | I4: Observaciones
A5: 1 | B5: U.E. MANUEL GONZALO ALBAN RUMAZO / ESC. ABDON CALDERON | C5: VICENTE LEON Y ARCENTALES | D5: 10 | E5: 3500
A6: 2 | B6: U.E. MANUEL GONZALO ALBÁN RUMAZO - BLOQUE DOS | C6: MANUEL ARCENTALES ALBERTO YANEZ | D6: 9 | E6: 2968
A8: VEEDORES POR JUNTA RECEPTORA DEL VOTO (JRV)
A9: N° JRV | B9: Recinto electoral | D9: Nombre del veedor | E9: Cédula | F9: Teléfono | G9: Observaciones
A10: 1F | B10: U.E. MANUEL GONZALO ALBAN RUMAZO / ESC. ABDON CALDERON
A11: 2F | B11: U.E. MANUEL GONZALO ALBAN RUMAZO / ESC. ABDON CALDERON
A12: 3F | B12: U.E. MANUEL GONZALO ALBAN RUMAZO / ESC. ABDON CALDERON
A13: 4F | B13: U.E. MANUEL GONZALO ALBAN RUMAZO / ESC. ABDON CALDERON
A14: 5F | B14: U.E. MANUEL GONZALO ALBAN RUMAZO / ESC. ABDON CALDERON
A15: 1M | B15: U.E. MANUEL GONZALO ALBAN RUMAZO / ESC. ABDON CALDERON
A16: 2M | B16: U.E. MANUEL GONZALO ALBAN RUMAZO / ESC. ABDON CALDERON
A17: 3M | B17: U.E. MANUEL GONZALO ALBAN RUMAZO / ESC. ABDON CALDERON
A18: 4M | B18: U.E. MANUEL GONZALO ALBAN RUMAZO / ESC. ABDON CALDERON
A19: 5M | B19: U.E. MANUEL GONZALO ALBAN RUMAZO / ESC. ABDON CALDERON
A20: 6F | B20: U.E. MANUEL GONZALO ALBÁN RUMAZO - BLOQUE DOS
A21: 7F | B21: U.E. MANUEL GONZALO ALBÁN RUMAZO - BLOQUE DOS
... A28: 9M | B28: U.E. MANUEL GONZALO ALBÁN RUMAZO - BLOQUE DOS

Sheet Belisario Quevedo
A1: Parroquia Belisario Quevedo — Cantón Latacunga
A3: COORDINADORES POR RECINTO
A4: N° | B4: Recinto electoral | C4: Dirección | D4: N° de Juntas (JRV) | E4: N° de electores | F4: Nombre del coordinador | G4: Cédula | H4: Teléfono | I4: Observaciones
A5: 1 | B5: U.E. BELISARIO QUEVEDO | C5: 24 DE MAYO Y DR. RAUL LEON MENDEZ | D5: 8 | E5: 2800
A6: 2 | B6: U.E. BELISARIO QUEVEDO / BLOQUE DOS | C6: BRUNO ZAMBONINO Y 24 DE MAYO | D6: 7 | E6: 2193
A8: VEEDORES POR JUNTA RECEPTORA DEL VOTO (JRV)
A9: N° JRV | B9: Recinto electoral | D9: Nombre del veedor | E9: Cédula | F9: Teléfono | G9: Observaciones
A10: 1F | B10: U.E. BELISARIO QUEVEDO
A11: 2F | B11: U.E. BELISARIO QUEVEDO
A12: 3F | B12: U.E. BELISARIO QUEVEDO
A13: 4F | B13: U.E. BELISARIO QUEVEDO
A14: 1M | B14: U.E. BELISARIO QUEVEDO
A15: 2M | B15: U.E. BELISARIO QUEVEDO
A16: 3M | B16: U.E. BELISARIO QUEVEDO
A17: 4M | B17: U.E. BELISARIO QUEVEDO
A18: 5F | B18: U.E. BELISARIO QUEVEDO / BLOQUE DOS
A19: 6F | B19: U.E. BELISARIO QUEVEDO / BLOQUE DOS
A20: 7F | B20: U.E. BELISARIO QUEVEDO / BLOQUE DOS
A21: 8F | B21: U.E. BELISARIO QUEVEDO / BLOQUE DOS
... A24: 7M | B24: U.E. BELISARIO QUEVEDO / BLOQUE DOS

Sheet Guaytacama
A1: Parroquia Guaytacama — Cantón Latacunga
A3: COORDINADORES POR RECINTO
A4: N° | B4: Recinto electoral | C4: Dirección | D4: N° de Juntas (JRV) | E4: N° de electores | F4: Nombre del coordinador | G4: Cédula | H4: Teléfono | I4: Observaciones
A5: 1 | B5: U.E. SAN JOSE DE GUAYTACAMA | C5: JUAN MONTALVO | D5: 25 | E5: 8391
A7: VEEDORES POR JUNTA RECEPTORA DEL VOTO (JRV)
A8: N° JRV | B8: Recinto electoral | D8: Nombre del veedor | E8: Cédula | F8: Teléfono | G8: Observaciones
A9: 1F | B9: U.E. SAN JOSE DE GUAYTACAMA
A10: 2F | B10: U.E. SAN JOSE DE GUAYTACAMA
A11: 3F | B11: U.E. SAN JOSE DE GUAYTACAMA
A12: 4F | B12: U.E. SAN JOSE DE GUAYTACAMA
A13: 5F | B13: U.E. SAN JOSE DE GUAYTACAMA
A14: 6F | B14: U.E. SAN JOSE DE GUAYTACAMA
A15: 7F | B15: U.E. SAN JOSE DE GUAYTACAMA
A16: 8F | B16: U.E. SAN JOSE DE GUAYTACAMA
A17: 9F | B17: U.E. SAN JOSE DE GUAYTACAMA
A18: 10F | B18: U.E. SAN JOSE DE GUAYTACAMA
A19: 11F | B19: U.E. SAN JOSE DE GUAYTACAMA
A20: 12F | B20: U.E. SAN JOSE DE GUAYTACAMA
... A33: 12M | B33: U.E. SAN JOSE DE GUAYTACAMA

Sheet Joséguango Bajo (Santa Marianit
A1: Parroquia Joséguango Bajo (Santa Marianita) — Cantón Latacunga
A3: COORDINADORES POR RECINTO
A4: N° | B4: Recinto electoral | C4: Dirección | D4: N° de Juntas (JRV) | E4: N° de electores | F4: Nombre del coordinador | G4: Cédula | H4: Teléfono | I4: Observaciones
A5: 1 | B5: U.E. FELIX VALENCIA | C5: Av. de los Incas e Isabel Eastman | D5: 6 | E5: 1758
A7: VEEDORES POR JUNTA RECEPTORA DEL VOTO (JRV)
A8: N° JRV | B8: Recinto electoral | D8: Nombre del veedor | E8: Cédula | F8: Teléfono | G8: Observaciones
A9: 1F | B9: U.E. FELIX VALENCIA
A10: 2F | B10: U.E. FELIX VALENCIA
A11: 3F | B11: U.E. FELIX VALENCIA
A12: 1M | B12: U.E. FELIX VALENCIA
A13: 2M | B13: U.E. FELIX VALENCIA
A14: 3M | B14: U.E. FELIX VALENCIA

Sheet Mulaló
A1: Parroquia Mulaló — Cantón Latacunga
A3: COORDINADORES POR RECINTO
A4: N° | B4: Recinto electoral | C4: Dirección | D4: N° de Juntas (JRV) | E4: N° de electores | F4: Nombre del coordinador | G4: Cédula | H4: Teléfono | I4: Observaciones
A5: 1 | B5: UNIDAD EDUCATIVA MULALO / Esc. JUAN PIO MONTUFAR | C5: SAN FRANCISCO 4 DE OCTUBRE | D5: 8 | E5: 2800
A6: 2 | B6: UNIDAD EDUCATIVA MULALO / COLEGIO TÉCNICO MULALÓ | C6: 4 DE OCTUBRE Y RUMIÑAHUI | D6: 8 | E6: 2800
A7: 3 | B7: UNIDAD EDUCATIVA MULALO / BLOQUE TRES | C7: ATAHUALPA Y LA LIBERTAD | D7: 7 | E7: 2270
A9: VEEDORES POR JUNTA RECEPTORA DEL VOTO (JRV)
A10: N° JRV | B10: Recinto electoral | D10: Nombre del veedor | E10: Cédula | F10: Teléfono | G10: Observaciones
A11: 1F | B11: UNIDAD EDUCATIVA MULALO / Esc. JUAN PIO MONTUFAR
A12: 2F | B12: UNIDAD EDUCATIVA MULALO / Esc. JUAN PIO MONTUFAR
A13: 3F | B13: UNIDAD EDUCATIVA MULALO / Esc. JUAN PIO MONTUFAR
A14: 4F | B14: UNIDAD EDUCATIVA MULALO / Esc. JUAN PIO MONTUFAR
A15: 1M | B15: UNIDAD EDUCATIVA MULALO / Esc. JUAN PIO MONTUFAR
A16: 2M | B16: UNIDAD EDUCATIVA MULALO / Esc. JUAN PIO MONTUFAR
A17: 3M | B17: UNIDAD EDUCATIVA MULALO / Esc. JUAN PIO MONTUFAR
A18: 4M | B18: UNIDAD EDUCATIVA MULALO / Esc. JUAN PIO MONTUFAR
A19: 5F | B19: UNIDAD EDUCATIVA MULALO / COLEGIO TÉCNICO MULALÓ
A20: 6F | B20: UNIDAD EDUCATIVA MULALO / COLEGIO TÉCNICO MULALÓ
A21: 7F | B21: UNIDAD EDUCATIVA MULALO / COLEGIO TÉCNICO MULALÓ
A22: 8F | B22: UNIDAD EDUCATIVA MULALO / COLEGIO TÉCNICO MULALÓ
... A33: 11M | B33: UNIDAD EDUCATIVA MULALO / BLOQUE TRES

Sheet Once de Noviembre (Ilinchisí)
A1: Parroquia Once de Noviembre (Ilinchisí) — Cantón Latacunga
A3: COORDINADORES POR RECINTO
A4: N° | B4: Recinto electoral | C4: Dirección | D4: N° de Juntas (JRV) | E4: N° de electores | F4: Nombre del coordinador | G4: Cédula | H4: Teléfono | I4: Observaciones
A5: 1 | B5: UNIDAD EDUCATIVA LATACUNGA | C5: 10 DE AGOSTO Y ILLINCHIZI | D5: 7 | E5: 2145
A7: VEEDORES POR JUNTA RECEPTORA DEL VOTO (JRV)
A8: N° JRV | B8: Recinto electoral | D8: Nombre del veedor | E8: Cédula | F8: Teléfono | G8: Observaciones
A9: 1F | B9: UNIDAD EDUCATIVA LATACUNGA
A10: 2F | B10: UNIDAD EDUCATIVA LATACUNGA
A11: 3F | B11: UNIDAD EDUCATIVA LATACUNGA
A12: 4F | B12: UNIDAD EDUCATIVA LATACUNGA
A13: 1M | B13: UNIDAD EDUCATIVA LATACUNGA
A14: 2M | B14: UNIDAD EDUCATIVA LATACUNGA
A15: 3M | B15: UNIDAD EDUCATIVA LATACUNGA

Sheet Poaló
A1: Parroquia Poaló — Cantón Latacunga
A3: COORDINADORES POR RECINTO
A4: N° | B4: Recinto electoral | C4: Dirección | D4: N° de Juntas (JRV) | E4: N° de electores | F4: Nombre del coordinador | G4: Cédula | H4: Teléfono | I4: Observaciones
A5: 1 | B5: GAD PARROQUIAL COLISEO POALO | C5: RUPERTO REINOSO Y SEÑOR DE MACAS | D5: 4 | E5: 1400
A6: 2 | B6: UNIDAD EDUCATIVA POALO GARCIA MORENO / BLOQUE 2 | C6: SALACHE Y 19 DE MARZO | D6: 11 | E6: 3641
A8: VEEDORES POR JUNTA RECEPTORA DEL VOTO (JRV)
A9: N° JRV | B9: Recinto electoral | D9: Nombre del veedor | E9: Cédula | F9: Teléfono | G9: Observaciones
A10: 1F | B10: GAD PARROQUIAL COLISEO POALO
A11: 2F | B11: GAD PARROQUIAL COLISEO POALO
A12: 1M | B12: GAD PARROQUIAL COLISEO POALO
A13: 2M | B13: GAD PARROQUIAL COLISEO POALO
A14: 3F | B14: UNIDAD EDUCATIVA POALO GARCIA MORENO / BLOQUE 2
A15: 4F | B15: UNIDAD EDUCATIVA POALO GARCIA MORENO / BLOQUE 2
A16: 5F | B16: UNIDAD EDUCATIVA POALO GARCIA MORENO / BLOQUE 2
A17: 6F | B17: UNIDAD EDUCATIVA POALO GARCIA MORENO / BLOQUE 2
A18: 7F | B18: UNIDAD EDUCATIVA POALO GARCIA MORENO / BLOQUE 2
A19: 8F | B19: UNIDAD EDUCATIVA POALO GARCIA MORENO / BLOQUE 2
A20: 3M | B20: UNIDAD EDUCATIVA POALO GARCIA MORENO / BLOQUE 2
A21: 4M | B21: UNIDAD EDUCATIVA POALO GARCIA MORENO / BLOQUE 2
... A24: 7M | B24: UNIDAD EDUCATIVA POALO GARCIA MORENO / BLOQUE 2

Sheet San Juan de Pastocalle
A1: Parroquia San Juan de Pastocalle — Cantón Latacunga
A3: COORDINADORES POR RECINTO
A4: N° | B4: Recinto electoral | C4: Dirección | D4: N° de Juntas (JRV) | E4: N° de electores | F4: Nombre del coordinador | G4: Cédula | H4: Teléfono | I4: Observaciones
A5: 1 | B5: UNIDAD EDUCATIVA COMUNITARIA BILINGUE. EL SEMBRADOR | C5: 9 DE OCTUBRE Y 24 DE JUNIO | D5: 8 | E5: 2800
A6: 2 | B6: U.E. PASTOCALLE / BLOQUE 2 | C6: 24 DE MAYO/PASAJE | D6: 9 | E6: 3150
A7: 3 | B7: U.E. PASTOCALLE / COLEGIO PASTOCALLE | C7: 24 DE MAYO | D7: 10 | E7: 3371
A8: 4 | B8: U.E. ATANASIO VITERI KAROLYS | C8: CENTRO DE LA COMUNIDAD | D8: 2 | E8: 327
A10: VEEDORES POR JUNTA RECEPTORA DEL VOTO (JRV)
A11: N° JRV | B11: Recinto electoral | D11: Nombre del veedor | E11: Cédula | F11: Teléfono | G11: Observaciones
A12: 1F | B12: UNIDAD EDUCATIVA COMUNITARIA BILINGUE. EL SEMBRADOR
A13: 2F | B13: UNIDAD EDUCATIVA COMUNITARIA BILINGUE. EL SEMBRADOR
A14: 3F | B14: UNIDAD EDUCATIVA COMUNITARIA BILINGUE. EL SEMBRADOR
A15: 4F | B15: UNIDAD EDUCATIVA COMUNITARIA BILINGUE. EL SEMBRADOR
A16: 1M | B16: UNIDAD EDUCATIVA COMUNITARIA BILINGUE. EL SEMBRADOR
A17: 2M | B17: UNIDAD EDUCATIVA COMUNITARIA BILINGUE. EL SEMBRADOR
A18: 3M | B18: UNIDAD EDUCATIVA COMUNITARIA BILINGUE. EL SEMBRADOR
A19: 4M | B19: UNIDAD EDUCATIVA COMUNITARIA BILINGUE. EL SEMBRADOR
A20: 5F | B20: U.E. PASTOCALLE / BLOQUE 2
A21: 6F | B21: U.E. PASTOCALLE / BLOQUE 2
A22: 7F | B22: U.E. PASTOCALLE / BLOQUE 2
A23: 8F | B23: U.E. PASTOCALLE / BLOQUE 2
... A40: 1M | B40: U.E. ATANASIO VITERI KAROLYS

Sheet Tanicuchí
A1: Parroquia Tanicuchí — Cantón Latacunga
A3: COORDINADORES POR RECINTO
A4: N° | B4: Recinto electoral | C4: Dirección | D4: N° de Juntas (JRV) | E4: N° de electores | F4: Nombre del coordinador | G4: Cédula | H4: Teléfono | I4: Observaciones
A5: 1 | B5: U.E. MARCO AURELIO SUBIA MARTINEZ- BATALLA DE PANUPALI / COLEGIO MARCO AURELIO SUBIA MARTINEZ | C5: JUAN MANUEL LASSO Y LEONIDAS PLAZA | D5: 16 | E5: 5600
A6: 2 | B6: U. E. MARCO AURELIO SUBIA MARTINEZ BATALLA DE PANUPALI / ESC.BATALLA DE PANUPALI | C6: JUAN MANUEL LASSO Y LEONIDAS PLAZA | D6: 12 | E6: 4200
A7: 3 | B7: CENTRO. INTERCULTURAL COMUNITARIO TANICUCHI | C7: LEONIDAS PLAZA Y GENERAL ALBERTO ENRIQUE GALLO | D7: 7 | E7: 1997
A9: VEEDORES POR JUNTA RECEPTORA DEL VOTO (JRV)
A10: N° JRV | B10: Recinto electoral | D10: Nombre del veedor | E10: Cédula | F10: Teléfono | G10: Observaciones
A11: 1F | B11: U.E. MARCO AURELIO SUBIA MARTINEZ- BATALLA DE PANUPALI / COLEGIO MARCO AURELIO SUBIA MARTINEZ
A12: 2F | B12: U.E. MARCO AURELIO SUBIA MARTINEZ- BATALLA DE PANUPALI / COLEGIO MARCO AURELIO SUBIA MARTINEZ
A13: 3F | B13: U.E. MARCO AURELIO SUBIA MARTINEZ- BATALLA DE PANUPALI / COLEGIO MARCO AURELIO SUBIA MARTINEZ
A14: 4F | B14: U.E. MARCO AURELIO SUBIA MARTINEZ- BATALLA DE PANUPALI / COLEGIO MARCO AURELIO SUBIA MARTINEZ
A15: 5F | B15: U.E. MARCO AURELIO SUBIA MARTINEZ- BATALLA DE PANUPALI / COLEGIO MARCO AURELIO SUBIA MARTINEZ
A16: 6F | B16: U.E. MARCO AURELIO SUBIA MARTINEZ- BATALLA DE PANUPALI / COLEGIO MARCO AURELIO SUBIA MARTINEZ
A17: 7F | B17: U.E. MARCO AURELIO SUBIA MARTINEZ- BATALLA DE PANUPALI / COLEGIO MARCO AURELIO SUBIA MARTINEZ
A18: 8F | B18: U.E. MARCO AURELIO SUBIA MARTINEZ- BATALLA DE PANUPALI / COLEGIO MARCO AURELIO SUBIA MARTINEZ
A19: 1M | B19: U.E. MARCO AURELIO SUBIA MARTINEZ- BATALLA DE PANUPALI / COLEGIO MARCO AURELIO SUBIA MARTINEZ
A20: 2M | B20: U.E. MARCO AURELIO SUBIA MARTINEZ- BATALLA DE PANUPALI / COLEGIO MARCO AURELIO SUBIA MARTINEZ
A21: 3M | B21: U.E. MARCO AURELIO SUBIA MARTINEZ- BATALLA DE PANUPALI / COLEGIO MARCO AURELIO SUBIA MARTINEZ
A22: 4M | B22: U.E. MARCO AURELIO SUBIA MARTINEZ- BATALLA DE PANUPALI / COLEGIO MARCO AURELIO SUBIA MARTINEZ
... A45: 17M | B45: CENTRO. INTERCULTURAL COMUNITARIO TANICUCHI

Sheet Toacaso
A1: Parroquia Toacaso — Cantón Latacunga
A3: COORDINADORES POR RECINTO
A4: N° | B4: Recinto electoral | C4: Dirección | D4: N° de Juntas (JRV) | E4: N° de electores | F4: Nombre del coordinador | G4: Cédula | H4: Teléfono | I4: Observaciones
A5: 1 | B5: U.E. TOACASO BLOQUE 3 - ESC. SIMON RODRIGUEZ | C5: COTOPAXI Y PICHINCHA | D5: 10 | E5: 3500
A6: 2 | B6: U.E. TOACASO - COL. TÉCNICO TOACASO | C6: CALLE ORIENTE Y POLICARPA TINAJERO | D6: 10 | E6: 3500
A7: 3 | B7: U.E. TOACASO BLOQUE 2 | C7: PICHINCHA Y COTOPAXI | D7: 11 | E7: 3306
A9: VEEDORES POR JUNTA RECEPTORA DEL VOTO (JRV)
A10: N° JRV | B10: Recinto electoral | D10: Nombre del veedor | E10: Cédula | F10: Teléfono | G10: Observaciones
A11: 1F | B11: U.E. TOACASO BLOQUE 3 - ESC. SIMON RODRIGUEZ
A12: 2F | B12: U.E. TOACASO BLOQUE 3 - ESC. SIMON RODRIGUEZ
A13: 3F | B13: U.E. TOACASO BLOQUE 3 - ESC. SIMON RODRIGUEZ
A14: 4F | B14: U.E. TOACASO BLOQUE 3 - ESC. SIMON RODRIGUEZ
A15: 5F | B15: U.E. TOACASO BLOQUE 3 - ESC. SIMON RODRIGUEZ
A16: 1M | B16: U.E. TOACASO BLOQUE 3 - ESC. SIMON RODRIGUEZ
A17: 2M | B17: U.E. TOACASO BLOQUE 3 - ESC. SIMON RODRIGUEZ
A18: 3M | B18: U.E. TOACASO BLOQUE 3 - ESC. SIMON RODRIGUEZ
A19: 4M | B19: U.E. TOACASO BLOQUE 3 - ESC. SIMON RODRIGUEZ
A20: 5M | B20: U.E. TOACASO BLOQUE 3 - ESC. SIMON RODRIGUEZ
A21: 6F | B21: U.E. TOACASO - COL. TÉCNICO TOACASO
A22: 7F | B22: U.E. TOACASO - COL. TÉCNICO TOACASO
... A41: 15M | B41: U.E. TOACASO BLOQUE 2

Sheet Verificado
A1: Verificación de Juntas Receptoras del Voto contra el CNE — Cantón Latacunga
A2: Fuente: CNE, Distributivo de Recintos Electorales — Elecciones Seccionales y CPCCS 2027, corte al 11 de agosto de 2026. Las columnas "CNE" son datos fijos del distributivo; las columnas "Matriz" se calculan en vivo leyendo cada hoja de parroquia.
A3: El CNE numera las juntas por parroquia (y por zona, donde existe), con numeración separada para femeninas (F) y masculinas (M). Cada junta se identifica como 1F, 2F… (femeninas) y 1M, 2M… (masculinas), dentro de su parroquia y zona.
A5: RESUMEN POR PARROQUIA
A6: Parroquia (hoja) | B6: Recintos CNE | C6: Recintos verificados | D6: Juntas CNE | E6: Juntas en matriz | F6: Estado
A7: Eloy Alfaro (San Felipe) | B7: =COUNTIF($A$26:$A$74,A7) -> 7 | C7: =COUNTIFS($A$26:$A$74,A7,$P$26:$P$74,"✔ Verificado") -> 0 | D7: =SUMIFS($G$26:$G$74,$A$26:$A$74,A7)+SUMIFS($I$26:$I$74,$A$26:$A$74,A7) -> 91 | E7: =COUNTIF('Eloy Alfaro (San Felipe)'!$A$15:$A$105,"*F")+COUNTIF('Eloy Alfaro (San Felipe)'!$A$15:$A$105,"*M") -> 91 | F7: =IF(AND(B7=C7,D7=E7),"✔ Verificado","✖ Revisar") -> ✖ Revisar
A8: Ignacio Flores | B8: =COUNTIF($A$26:$A$74,A8) -> 5 | C8: =COUNTIFS($A$26:$A$74,A8,$P$26:$P$74,"✔ Verificado") -> 0 | D8: =SUMIFS($G$26:$G$74,$A$26:$A$74,A8)+SUMIFS($I$26:$I$74,$A$26:$A$74,A8) -> 55 | E8: =COUNTIF('Ignacio Flores'!$A$13:$A$67,"*F")+COUNTIF('Ignacio Flores'!$A$13:$A$67,"*M") -> 55 | F8: =IF(AND(B8=C8,D8=E8),"✔ Verificado","✖ Revisar") -> ✖ Revisar
A9: Juan Montalvo (San Sebastián) | B9: =COUNTIF($A$26:$A$74,A9) -> 5 | C9: =COUNTIFS($A$26:$A$74,A9,$P$26:$P$74,"✔ Verificado") -> 0 | D9: =SUMIFS($G$26:$G$74,$A$26:$A$74,A9)+SUMIFS($I$26:$I$74,$A$26:$A$74,A9) -> 48 | E9: =COUNTIF('Juan Montalvo (San Sebastián)'!$A$13:$A$60,"*F")+COUNTIF('Juan Montalvo (San Sebastián)'!$A$13:$A$60,"*M") -> 48 | F9: =IF(AND(B9=C9,D9=E9),"✔ Verificado","✖ Revisar") -> ✖ Revisar
A10: La Matriz | B10: =COUNTIF($A$26:$A$74,A10) -> 8 | C10: =COUNTIFS($A$26:$A$74,A10,$P$26:$P$74,"✔ Verificado") -> 0 | D10: =SUMIFS($G$26:$G$74,$A$26:$A$74,A10)+SUMIFS($I$26:$I$74,$A$26:$A$74,A10) -> 76 | E10: =COUNTIF('La Matriz'!$A$16:$A$91,"*F")+COUNTIF('La Matriz'!$A$16:$A$91,"*M") -> 76 | F10: =IF(AND(B10=C10,D10=E10),"✔ Verificado","✖ Revisar") -> ✖ Revisar
A11: San Buenaventura | B11: =COUNTIF($A$26:$A$74,A11) -> 2 | C11: =COUNTIFS($A$26:$A$74,A11,$P$26:$P$74,"✔ Verificado") -> 0 | D11: =SUMIFS($G$26:$G$74,$A$26:$A$74,A11)+SUMIFS($I$26:$I$74,$A$26:$A$74,A11) -> 17 | E11: =COUNTIF('San Buenaventura'!$A$10:$A$26,"*F")+COUNTIF('San Buenaventura'!$A$10:$A$26,"*M") -> 17 | F11: =IF(AND(B11=C11,D11=E11),"✔ Verificado","✖ Revisar") -> ✖ Revisar
A12: Aláquez | B12: =COUNTIF($A$26:$A$74,A12) -> 2 | C12: =COUNTIFS($A$26:$A$74,A12,$P$26:$P$74,"✔ Verificado") -> 0 | D12: =SUMIFS($G$26:$G$74,$A$26:$A$74,A12)+SUMIFS($I$26:$I$74,$A$26:$A$74,A12) -> 19 | E12: =COUNTIF(Aláquez!$A$10:$A$28,"*F")+COUNTIF(Aláquez!$A$10:$A$28,"*M") -> 19 | F12: =IF(AND(B12=C12,D12=E12),"✔ Verificado","✖ Revisar") -> ✖ Revisar
A13: Belisario Quevedo | B13: =COUNTIF($A$26:$A$74,A13) -> 2 | C13: =COUNTIFS($A$26:$A$74,A13,$P$26:$P$74,"✔ Verificado") -> 0 | D13: =SUMIFS($G$26:$G$74,$A$26:$A$74,A13)+SUMIFS($I$26:$I$74,$A$26:$A$74,A13) -> 15 | E13: =COUNTIF('Belisario Quevedo'!$A$10:$A$24,"*F")+COUNTIF('Belisario Quevedo'!$A$10:$A$24,"*M") -> 15 | F13: =IF(AND(B13=C13,D13=E13),"✔ Verificado","✖ Revisar") -> ✖ Revisar
A14: Guaytacama | B14: =COUNTIF($A$26:$A$74,A14) -> 1 | C14: =COUNTIFS($A$26:$A$74,A14,$P$26:$P$74,"✔ Verificado") -> 0 | D14: =SUMIFS($G$26:$G$74,$A$26:$A$74,A14)+SUMIFS($I$26:$I$74,$A$26:$A$74,A14) -> 25 | E14: =COUNTIF(Guaytacama!$A$9:$A$33,"*F")+COUNTIF(Guaytacama!$A$9:$A$33,"*M") -> 25 | F14: =IF(AND(B14=C14,D14=E14),"✔ Verificado","✖ Revisar") -> ✖ Revisar
A15: Joséguango Bajo (Santa Marianit | B15: =COUNTIF($A$26:$A$74,A15) -> 1 | C15: =COUNTIFS($A$26:$A$74,A15,$P$26:$P$74,"✔ Verificado") -> 0 | D15: =SUMIFS($G$26:$G$74,$A$26:$A$74,A15)+SUMIFS($I$26:$I$74,$A$26:$A$74,A15) -> 6 | E15: =COUNTIF('Joséguango Bajo (Santa Marianit'!$A$9:$A$14,"*F")+COUNTIF('Joséguango Bajo (Santa Marianit'!$A$9:$A$14,"*M") -> 6 | F15: =IF(AND(B15=C15,D15=E15),"✔ Verificado","✖ Revisar") -> ✖ Revisar
A16: Mulaló | B16: =COUNTIF($A$26:$A$74,A16) -> 3 | C16: =COUNTIFS($A$26:$A$74,A16,$P$26:$P$74,"✔ Verificado") -> 0 | D16: =SUMIFS($G$26:$G$74,$A$26:$A$74,A16)+SUMIFS($I$26:$I$74,$A$26:$A$74,A16) -> 23 | E16: =COUNTIF(Mulaló!$A$11:$A$33,"*F")+COUNTIF(Mulaló!$A$11:$A$33,"*M") -> 23 | F16: =IF(AND(B16=C16,D16=E16),"✔ Verificado","✖ Revisar") -> ✖ Revisar
A17: Once de Noviembre (Ilinchisí) | B17: =COUNTIF($A$26:$A$74,A17) -> 1 | C17: =COUNTIFS($A$26:$A$74,A17,$P$26:$P$74,"✔ Verificado") -> 0 | D17: =SUMIFS($G$26:$G$74,$A$26:$A$74,A17)+SUMIFS($I$26:$I$74,$A$26:$A$74,A17) -> 7 | E17: =COUNTIF('Once de Noviembre (Ilinchisí)'!$A$9:$A$15,"*F")+COUNTIF('Once de Noviembre (Ilinchisí)'!$A$9:$A$15,"*M") -> 7 | F17: =IF(AND(B17=C17,D17=E17),"✔ Verificado","✖ Revisar") -> ✖ Revisar
A18: Poaló | B18: =COUNTIF($A$26:$A$74,A18) -> 2 | C18: =COUNTIFS($A$26:$A$74,A18,$P$26:$P$74,"✔ Verificado") -> 0 | D18: =SUMIFS($G$26:$G$74,$A$26:$A$74,A18)+SUMIFS($I$26:$I$74,$A$26:$A$74,A18) -> 15 | E18: =COUNTIF(Poaló!$A$10:$A$24,"*F")+COUNTIF(Poaló!$A$10:$A$24,"*M") -> 15 | F18: =IF(AND(B18=C18,D18=E18),"✔ Verificado","✖ Revisar") -> ✖ Revisar
A19: San Juan de Pastocalle | B19: =COUNTIF($A$26:$A$74,A19) -> 4 | C19: =COUNTIFS($A$26:$A$74,A19,$P$26:$P$74,"✔ Verificado") -> 0 | D19: =SUMIFS($G$26:$G$74,$A$26:$A$74,A19)+SUMIFS($I$26:$I$74,$A$26:$A$74,A19) -> 29 | E19: =COUNTIF('San Juan de Pastocalle'!$A$12:$A$40,"*F")+COUNTIF('San Juan de Pastocalle'!$A$12:$A$40,"*M") -> 29 | F19: =IF(AND(B19=C19,D19=E19),"✔ Verificado","✖ Revisar") -> ✖ Revisar
A20: Tanicuchí | B20: =COUNTIF($A$26:$A$74,A20) -> 3 | C20: =COUNTIFS($A$26:$A$74,A20,$P$26:$P$74,"✔ Verificado") -> 0 | D20: =SUMIFS($G$26:$G$74,$A$26:$A$74,A20)+SUMIFS($I$26:$I$74,$A$26:$A$74,A20) -> 35 | E20: =COUNTIF(Tanicuchí!$A$11:$A$45,"*F")+COUNTIF(Tanicuchí!$A$11:$A$45,"*M") -> 35 | F20: =IF(AND(B20=C20,D20=E20),"✔ Verificado","✖ Revisar") -> ✖ Revisar
A21: Toacaso | B21: =COUNTIF($A$26:$A$74,A21) -> 3 | C21: =COUNTIFS($A$26:$A$74,A21,$P$26:$P$74,"✔ Verificado") -> 0 | D21: =SUMIFS($G$26:$G$74,$A$26:$A$74,A21)+SUMIFS($I$26:$I$74,$A$26:$A$74,A21) -> 31 | E21: =COUNTIF(Toacaso!$A$11:$A$41,"*F")+COUNTIF(Toacaso!$A$11:$A$41,"*M") -> 31 | F21: =IF(AND(B21=C21,D21=E21),"✔ Verificado","✖ Revisar") -> ✖ Revisar
A22: TOTAL LATACUNGA | B22: =SUM(B7:B21) -> 49 | C22: =SUM(C7:C21) -> 0 | D22: =SUM(D7:D21) -> 492 | E22: =SUM(E7:E21) -> 492 | F22: =IF(AND(B22=C22,D22=E22),"✔ Verificado","✖ Revisar") -> ✖ Revisar
A24: DETALLE POR RECINTO
A25: Parroquia (hoja) | B25: Zona | C25: Código recinto | D25: Recinto electoral | E25: Electores CNE | F25: Electores matriz | G25: Juntas F CNE | H25: Juntas F matriz | I25: Juntas M CNE | J25: Juntas M matriz | K25: JRV F CNE | L25: JRV F matriz | M25: JRV M CNE | N25: JRV M matriz | O25: Juntas totales CNE | P25: Estado
A26: Eloy Alfaro (San Felipe) | B26: — | C26: 1560 | D26: ESC. DE EDUCACION BASICA CLUB ROTARIO | E26: 4200 | F26: =SUMIFS('Eloy Alfaro (San Felipe)'!$E$5:$E$11,'Eloy Alfaro (San Felipe)'!$B$5:$B$11,D26) -> 4200 | G26: 7 | H26: =COUNTIFS('Eloy Alfaro (San Felipe)'!$B$15:$B$105,D26,'Eloy Alfaro (San Felipe)'!$A$15:$A$105,"*F") -> 7 | I26: 5 | J26: =COUNTIFS('Eloy Alfaro (San Felipe)'!$B$15:$B$105,D26,'Eloy Alfaro (San Felipe)'!$A$15:$A$105,"*M") -> 5 | K26: 1F – 7F | L26: =IFERROR(IF(H26=0,"—",(1000-SUMPRODUCT(MAX(('Eloy Alfaro (San Felipe)'!$B$15:$B$105=D26)*(RIGHT('Eloy Alfaro (San Felipe)'!$A$15:$A$105,1)="F")*(1000-VALUE("0"&SUBSTITUTE(SUBSTITUTE(UPPER('Eloy Alfaro (San Felipe)'!$A$15:$A$105),"F",""),"M",""))))))&"F – "&SUMPRODUCT(MAX(('Eloy Alfaro (San Felipe)'!$B$15:$B$105=D26)*(RIGHT('Eloy Alfaro (San Felipe)'!$A$15:$A$105,1)="F")*VALUE("0"&SUBSTITUTE(SUBSTITUTE(UPPER('Eloy Alfaro (San Felipe)'!$A$15:$A$105),"F",""),"M",""))))&"F"),"✖ error") -> 1000F – 0F | M26: 1M – 5M | N26: =IFERROR(IF(J26=0,"—",(1000-SUMPRODUCT(MAX(('Eloy Alfaro (San Felipe)'!$B$15:$B$105=D26)*(RIGHT('Eloy Alfaro (San Felipe)'!$A$15:$A$105,1)="M")*(1000-VALUE("0"&SUBSTITUTE(SUBSTITUTE(UPPER('Eloy Alfaro (San Felipe)'!$A$15:$A$105),"F",""),"M",""))))))&"M – "&SUMPRODUCT(MAX(('Eloy Alfaro (San Felipe)'!$B$15:$B$105=D26)*(RIGHT('Eloy Alfaro (San Felipe)'!$A$15:$A$105,1)="M")*VALUE("0"&SUBSTITUTE(SUBSTITUTE(UPPER('Eloy Alfaro (San Felipe)'!$A$15:$A$105),"F",""),"M",""))))&"M"),"✖ error") -> 5M – 5M | O26: 12 | P26: =IFERROR(IF(AND(E26=F26,G26=H26,I26=J26,K26=L26,M26=N26,SUMPRODUCT(('Eloy Alfaro (San Felipe)'!$B$15:$B$105=D26)*(RIGHT('Eloy Alfaro (San Felipe)'!$A$15:$A$105,1)="F"))=7,SUMPRODUCT(('Eloy Alfaro (San Felipe)'!$B$15:$B$105=D26)*(RIGHT('Eloy Alfaro (San Felipe)'!$A$15:$A$105,1)="F")*VALUE("0"&SUBSTITUTE(SUBSTITUTE(UPPER('Eloy Alfaro (San Felipe)'!$A$15:$A$105),"F",""),"M","")))=28,SUMPRODUCT(('Eloy Alfaro (San Felipe)'!$B$15:$B$105=D26)*(RIGHT('Eloy Alfaro (San Felipe)'!$A$15:$A$105,1)="F")*VALUE("0"&SUBSTITUTE(SUBSTITUTE(UPPER('Eloy Alfaro (San Felipe)'!$A$15:$A$105),"F",""),"M",""))^2)=140,SUMPRODUCT(('Eloy Alfaro (San Felipe)'!$B$15:$B$105=D26)*(RIGHT('Eloy Alfaro (San Felipe)'!$A$15:$A$105,1)="M"))=5,SUMPRODUCT(('Eloy Alfaro (San Felipe)'!$B$15:$B$105=D26)*(RIGHT('Eloy Alfaro (San Felipe)'!$A$15:$A$105,1)="M")*VALUE("0"&SUBSTITUTE(SUBSTITUTE(UPPER('Eloy Alfaro (San Felipe)'!$A$15:$A$105),"F",""),"M","")))=15,SUMPRODUCT(('Eloy Alfaro (San Felipe)'!$B$15:$B$105=D26)*(RIGHT('Eloy Alfaro (San Felipe)'!$A$15:$A$105,1)="M")*VALUE("0"&SUBSTITUTE(SUBSTITUTE(UPPER('Eloy Alfaro (San Felipe)'!$A$15:$A$105),"F",""),"M",""))^2)=55),"✔ Verificado","✖ Revisar"),"✖ Revisar") -> ✖ Revisar
A27: Eloy Alfaro (San Felipe) | B27: — | C27: 324 | D27: U.E. JORGE ICAZA | E27: 4200 | F27: =SUMIFS('Eloy Alfaro (San Felipe)'!$E$5:$E$11,'Eloy Alfaro (San Felipe)'!$B$5:$B$11,D27) -> 4200 | G27: 6 | H27: =COUNTIFS('Eloy Alfaro (San Felipe)'!$B$15:$B$105,D27,'Eloy Alfaro (San Felipe)'!$A$15:$A$105,"*F") -> 6 | I27: 6 | J27: =COUNTIFS('Eloy Alfaro (San Felipe)'!$B$15:$B$105,D27,'Eloy Alfaro (San Felipe)'!$A$15:$A$105,"*M") -> 6 | K27: 8F – 13F | L27: =IFERROR(IF(H27=0,"—",(1000-SUMPRODUCT(MAX(('Eloy Alfaro (San Felipe)'!$B$15:$B$105=D27)*(RIGHT('Eloy Alfaro (San Felipe)'!$A$15:$A$105,1)="F")*(1000-VALUE("0"&SUBSTITUTE(SUBSTITUTE(UPPER('Eloy Alfaro (San Felipe)'!$A$15:$A$105),"F",""),"M",""))))))&"F – "&SUMPRODUCT(MAX(('Eloy Alfaro (San Felipe)'!$B$15:$B$105=D27)*(RIGHT('Eloy Alfaro (San Felipe)'!$A$15:$A$105,1)="F")*VALUE("0"&SUBSTITUTE(SUBSTITUTE(UPPER('Eloy Alfaro (San Felipe)'!$A$15:$A$105),"F",""),"M",""))))&"F"),"✖ error") -> 8F – 8F | M27: 6M – 11M | N27: =IFERROR(IF(J27=0,"—",(1000-SUMPRODUCT(MAX(('Eloy Alfaro (San Felipe)'!$B$15:$B$105=D27)*(RIGHT('Eloy Alfaro (San Felipe)'!$A$15:$A$105,1)="M")*(1000-VALUE("0"&SUBSTITUTE(SUBSTITUTE(UPPER('Eloy Alfaro (San Felipe)'!$A$15:$A$105),"F",""),"M",""))))))&"M – "&SUMPRODUCT(MAX(('Eloy Alfaro (San Felipe)'!$B$15:$B$105=D27)*(RIGHT('Eloy Alfaro (San Felipe)'!$A$15:$A$105,1)="M")*VALUE("0"&SUBSTITUTE(SUBSTITUTE(UPPER('Eloy Alfaro (San Felipe)'!$A$15:$A$105),"F",""),"M",""))))&"M"),"✖ error") -> 1000M – 0M | O27: 12 | P27: =IFERROR(IF(AND(E27=F27,G27=H27,I27=J27,K27=L27,M27=N27,SUMPRODUCT(('Eloy Alfaro (San Felipe)'!$B$15:$B$105=D27)*(RIGHT('Eloy Alfaro (San Felipe)'!$A$15:$A$105,1)="F"))=6,SUMPRODUCT(('Eloy Alfaro (San Felipe)'!$B$15:$B$105=D27)*(RIGHT('Eloy Alfaro (San Felipe)'!$A$15:$A$105,1)="F")*VALUE("0"&SUBSTITUTE(SUBSTITUTE(UPPER('Eloy Alfaro (San Felipe)'!$A$15:$A$105),"F",""),"M","")))=63,SUMPRODUCT(('Eloy Alfaro (San Felipe)'!$B$15:$B$105=D27)*(RIGHT('Eloy Alfaro (San Felipe)'!$A$15:$A$105,1)="F")*VALUE("0"&SUBSTITUTE(SUBSTITUTE(UPPER('Eloy Alfaro (San Felipe)'!$A$15:$A$105),"F",""),"M",""))^2)=679,SUMPRODUCT(('Eloy Alfaro (San Felipe)'!$B$15:$B$105=D27)*(RIGHT('Eloy Alfaro (San Felipe)'!$A$15:$A$105,1)="M"))=6,SUMPRODUCT(('Eloy Alfaro (San Felipe)'!$B$15:$B$105=D27)*(RIGHT('Eloy Alfaro (San Felipe)'!$A$15:$A$105,1)="M")*VALUE("0"&SUBSTITUTE(SUBSTITUTE(UPPER('Eloy Alfaro (San Felipe)'!$A$15:$A$105),"F",""),"M","")))=51,SUMPRODUCT(('Eloy Alfaro (San Felipe)'!$B$15:$B$105=D27)*(RIGHT('Eloy Alfaro (San Felipe)'!$A$15:$A$105,1)="M")*VALUE("0"&SUBSTITUTE(SUBSTITUTE(UPPER('Eloy Alfaro (San Felipe)'!$A$15:$A$105),"F",""),"M",""))^2)=451),"✔ Verificado","✖ Revisar"),"✖ Revisar") -> ✖ Revisar
A28: Eloy Alfaro (San Felipe) | B28: — | C28: 6331 | D28: U.E. JUAN ABEL ECHEVERRIA | E28: 4550 | F28: =SUMIFS('Eloy Alfaro (San Felipe)'!$E$5:$E$11,'Eloy Alfaro (San Felipe)'!$B$5:$B$11,D28) -> 4550 | G28: 7 | H28: =COUNTIFS('Eloy Alfaro (San Felipe)'!$B$15:$B$105,D28,'Eloy Alfaro (San Felipe)'!$A$15:$A$105,"*F") -> 7 | I28: 6 | J28: =COUNTIFS('Eloy Alfaro (San Felipe)'!$B$15:$B$105,D28,'Eloy Alfaro (San Felipe)'!$A$15:$A$105,"*M") -> 6 | K28: 14F – 20F | L28: =IFERROR(IF(H28=0,"—",(1000-SUMPRODUCT(MAX(('Eloy Alfaro (San Felipe)'!$B$15:$B$105=D28)*(RIGHT('Eloy Alfaro (San Felipe)'!$A$15:$A$105,1)="F")*(1000-VALUE("0"&SUBSTITUTE(SUBSTITUTE(UPPER('Eloy Alfaro (San Felipe)'!$A$15:$A$105),"F",""),"M",""))))))&"F – "&SUMPRODUCT(MAX(('Eloy Alfaro (San Felipe)'!$B$15:$B$105=D28)*(RIGHT('Eloy Alfaro (San Felipe)'!$A$15:$A$105,1)="F")*VALUE("0"&SUBSTITUTE(SUBSTITUTE(UPPER('Eloy Alfaro (San Felipe)'!$A$15:$A$105),"F",""),"M",""))))&"F"),"✖ error") -> 9F – 9F | M28: 12M – 17M | N28: =IFERROR(IF(J28=0,"—",(1000-SUMPRODUCT(MAX(('Eloy Alfaro (San Felipe)'!$B$15:$B$105=D28)*(RIGHT('Eloy Alfaro (San Felipe)'!$A$15:$A$105,1)="M")*(1000-VALUE("0"&SUBSTITUTE(SUBSTITUTE(UPPER('Eloy Alfaro (San Felipe)'!$A$15:$A$105),"F",""),"M",""))))))&"M – "&SUMPRODUCT(MAX(('Eloy Alfaro (San Felipe)'!$B$15:$B$105=D28)*(RIGHT('Eloy Alfaro (San Felipe)'!$A$15:$A$105,1)="M")*VALUE("0"&SUBSTITUTE(SUBSTITUTE(UPPER('Eloy Alfaro (San Felipe)'!$A$15:$A$105),"F",""),"M",""))))&"M"),"✖ error") -> 1000M – 0M | O28: 13 | P28: =IFERROR(IF(AND(E28=F28,G28=H28,I28=J28,K28=L28,M28=N28,SUMPRODUCT(('Eloy Alfaro (San Felipe)'!$B$15:$B$105=D28)*(RIGHT('Eloy Alfaro (San Felipe)'!$A$15:$A$105,1)="F"))=7,SUMPRODUCT(('Eloy Alfaro (San Felipe)'!$B$15:$B$105=D28)*(RIGHT('Eloy Alfaro (San Felipe)'!$A$15:$A$105,1)="F")*VALUE("0"&SUBSTITUTE(SUBSTITUTE(UPPER('Eloy Alfaro (San Felipe)'!$A$15:$A$105),"F",""),"M","")))=119,SUMPRODUCT(('Eloy Alfaro (San Felipe)'!$B$15:$B$105=D28)*(RIGHT('Eloy Alfaro (San Felipe)'!$A$15:$A$105,1)="F")*VALUE("0"&SUBSTITUTE(SUBSTITUTE(UPPER('Eloy Alfaro (San Felipe)'!$A$15:$A$105),"F",""),"M",""))^2)=2051,SUMPRODUCT(('Eloy Alfaro (San Felipe)'!$B$15:$B$105=D28)*(RIGHT('Eloy Alfaro (San Felipe)'!$A$15:$A$105,1)="M"))=6,SUMPRODUCT(('Eloy Alfaro (San Felipe)'!$B$15:$B$105=D28)*(RIGHT('Eloy Alfaro (San Felipe)'!$A$15:$A$105,1)="M")*VALUE("0"&SUBSTITUTE(SUBSTITUTE(UPPER('Eloy Alfaro (San Felipe)'!$A$15:$A$105),"F",""),"M","")))=87,SUMPRODUCT(('Eloy Alfaro (San Felipe)'!$B$15:$B$105=D28)*(RIGHT('Eloy Alfaro (San Felipe)'!$A$15:$A$105,1)="M")*VALUE("0"&SUBSTITUTE(SUBSTITUTE(UPPER('Eloy Alfaro (San Felipe)'!$A$15:$A$105),"F",""),"M",""))^2)=1279),"✔ Verificado","✖ Revisar"),"✖ Revisar") -> ✖ Revisar
A29: Eloy Alfaro (San Felipe) | B29: — | C29: 406 | D29: U. E. LIC. JAIME ANDRADE FABARA | E29: 4200 | F29: =SUMIFS('Eloy Alfaro (San Felipe)'!$E$5:$E$11,'Eloy Alfaro (San Felipe)'!$B$5:$B$11,D29) -> 4200 | G29: 6 | H29: =COUNTIFS('Eloy Alfaro (San Felipe)'!$B$15:$B$105,D29,'Eloy Alfaro (San Felipe)'!$A$15:$A$105,"*F") -> 6 | I29: 6 | J29: =COUNTIFS('Eloy Alfaro (San Felipe)'!$B$15:$B$105,D29,'Eloy Alfaro (San Felipe)'!$A$15:$A$105,"*M") -> 6 | K29: 21F – 26F | L29: =IFERROR(IF(H29=0,"—",(1000-SUMPRODUCT(MAX(('Eloy Alfaro (San Felipe)'!$B$15:$B$105=D29)*(RIGHT('Eloy Alfaro (San Felipe)'!$A$15:$A$105,1)="F")*(1000-VALUE("0"&SUBSTITUTE(SUBSTITUTE(UPPER('Eloy Alfaro (San Felipe)'!$A$15:$A$105),"F",""),"M",""))))))&"F – "&SUMPRODUCT(MAX(('Eloy Alfaro (San Felipe)'!$B$15:$B$105=D29)*(RIGHT('Eloy Alfaro (San Felipe)'!$A$15:$A$105,1)="F")*VALUE("0"&SUBSTITUTE(SUBSTITUTE(UPPER('Eloy Alfaro (San Felipe)'!$A$15:$A$105),"F",""),"M",""))))&"F"),"✖ error") -> 10F – 10F | M29: 18M – 23M | N29: =IFERROR(IF(J29=0,"—",(1000-SUMPRODUCT(MAX(('Eloy Alfaro (San Felipe)'!$B$15:$B$105=D29)*(RIGHT('Eloy Alfaro (San Felipe)'!$A$15:$A$105,1)="M")*(1000-VALUE("0"&SUBSTITUTE(SUBSTITUTE(UPPER('Eloy Alfaro (San Felipe)'!$A$15:$A$105),"F",""),"M",""))))))&"M – "&SUMPRODUCT(MAX(('Eloy Alfaro (San Felipe)'!$B$15:$B$105=D29)*(RIGHT('Eloy Alfaro (San Felipe)'!$A$15:$A$105,1)="M")*VALUE("0"&SUBSTITUTE(SUBSTITUTE(UPPER('Eloy Alfaro (San Felipe)'!$A$15:$A$105),"F",""),"M",""))))&"M"),"✖ error") -> 1000M – 0M | O29: 12 | P29: =IFERROR(IF(AND(E29=F29,G29=H29,I29=J29,K29=L29,M29=N29,SUMPRODUCT(('Eloy Alfaro (San Felipe)'!$B$15:$B$105=D29)*(RIGHT('Eloy Alfaro (San Felipe)'!$A$15:$A$105,1)="F"))=6,SUMPRODUCT(('Eloy Alfaro (San Felipe)'!$B$15:$B$105=D29)*(RIGHT('Eloy Alfaro (San Felipe)'!$A$15:$A$105,1)="F")*VALUE("0"&SUBSTITUTE(SUBSTITUTE(UPPER('Eloy Alfaro (San Felipe)'!$A$15:$A$105),"F",""),"M","")))=141,SUMPRODUCT(('Eloy Alfaro (San Felipe)'!$B$15:$B$105=D29)*(RIGHT('Eloy Alfaro (San Felipe)'!$A$15:$A$105,1)="F")*VALUE("0"&SUBSTITUTE(SUBSTITUTE(UPPER('Eloy Alfaro (San Felipe)'!$A$15:$A$105),"F",""),"M",""))^2)=3331,SUMPRODUCT(('Eloy Alfaro (San Felipe)'!$B$15:$B$105=D29)*(RIGHT('Eloy Alfaro (San Felipe)'!$A$15:$A$105,1)="M"))=6,SUMPRODUCT(('Eloy Alfaro (San Felipe)'!$B$15:$B$105=D29)*(RIGHT('Eloy Alfaro (San Felipe)'!$A$15:$A$105,1)="M")*VALUE("0"&SUBSTITUTE(SUBSTITUTE(UPPER('Eloy Alfaro (San Felipe)'!$A$15:$A$105),"F",""),"M","")))=123,SUMPRODUCT(('Eloy Alfaro (San Felipe)'!$B$15:$B$105=D29)*(RIGHT('Eloy Alfaro (San Felipe)'!$A$15:$A$105,1)="M")*VALUE("0"&SUBSTITUTE(SUBSTITUTE(UPPER('Eloy Alfaro (San Felipe)'!$A$15:$A$105),"F",""),"M",""))^2)=2539),"✔ Verificado","✖ Revisar"),"✖ Revisar") -> ✖ Revisar
A30: Eloy Alfaro (San Felipe) | B30: — | C30: 8015 | D30: U.E. MONSEÑOR LEONIDAS PROAÑO/LATACUNGA | E30: 2800 | F30: =SUMIFS('Eloy Alfaro (San Felipe)'!$E$5:$E$11,'Eloy Alfaro (San Felipe)'!$B$5:$B$11,D30) -> 2800 | G30: 4 | H30: =COUNTIFS('Eloy Alfaro (San Felipe)'!$B$15:$B$105,D30,'Eloy Alfaro (San Felipe)'!$A$15:$A$105,"*F") -> 4 | I30: 4 | J30: =COUNTIFS('Eloy Alfaro (San Felipe)'!$B$15:$B$105,D30,'Eloy Alfaro (San Felipe)'!$A$15:$A$105,"*M") -> 4 | K30: 27F – 30F | L30: =IFERROR(IF(H30=0,"—",(1000-SUMPRODUCT(MAX(('Eloy Alfaro (San Felipe)'!$B$15:$B$105=D30)*(RIGHT('Eloy Alfaro (San Felipe)'!$A$15:$A$105,1)="F")*(1000-VALUE("0"&SUBSTITUTE(SUBSTITUTE(UPPER('Eloy Alfaro (San Felipe)'!$A$15:$A$105),"F",""),"M",""))))))&"F – "&SUMPRODUCT(MAX(('Eloy Alfaro (San Felipe)'!$B$15:$B$105=D30)*(RIGHT('Eloy Alfaro (San Felipe)'!$A$15:$A$105,1)="F")*VALUE("0"&SUBSTITUTE(SUBSTITUTE(UPPER('Eloy Alfaro (San Felipe)'!$A$15:$A$105),"F",""),"M",""))))&"F"),"✖ error") -> 11F – 11F | M30: 24M – 27M | N30: =IFERROR(IF(J30=0,"—",(1000-SUMPRODUCT(MAX(('Eloy Alfaro (San Felipe)'!$B$15:$B$105=D30)*(RIGHT('Eloy Alfaro (San Felipe)'!$A$15:$A$105,1)="M")*(1000-VALUE("0"&SUBSTITUTE(SUBSTITUTE(UPPER('Eloy Alfaro (San Felipe)'!$A$15:$A$105),"F",""),"M",""))))))&"M – "&SUMPRODUCT(MAX(('Eloy Alfaro (San Felipe)'!$B$15:$B$105=D30)*(RIGHT('Eloy Alfaro (San Felipe)'!$A$15:$A$105,1)="M")*VALUE("0"&SUBSTITUTE(SUBSTITUTE(UPPER('Eloy Alfaro (San Felipe)'!$A$15:$A$105),"F",""),"M",""))))&"M"),"✖ error") -> 1000M – 0M | O30: 8 | P30: =IFERROR(IF(AND(E30=F30,G30=H30,I30=J30,K30=L30,M30=N30,SUMPRODUCT(('Eloy Alfaro (San Felipe)'!$B$15:$B$105=D30)*(RIGHT('Eloy Alfaro (San Felipe)'!$A$15:$A$105,1)="F"))=4,SUMPRODUCT(('Eloy Alfaro (San Felipe)'!$B$15:$B$105=D30)*(RIGHT('Eloy Alfaro (San Felipe)'!$A$15:$A$105,1)="F")*VALUE("0"&SUBSTITUTE(SUBSTITUTE(UPPER('Eloy Alfaro (San Felipe)'!$A$15:$A$105),"F",""),"M","")))=114,SUMPRODUCT(('Eloy Alfaro (San Felipe)'!$B$15:$B$105=D30)*(RIGHT('Eloy Alfaro (San Felipe)'!$A$15:$A$105,1)="F")*VALUE("0"&SUBSTITUTE(SUBSTITUTE(UPPER('Eloy Alfaro (San Felipe)'!$A$15:$A$105),"F",""),"M",""))^2)=3254,SUMPRODUCT(('Eloy Alfaro (San Felipe)'!$B$15:$B$105=D30)*(RIGHT('Eloy Alfaro (San Felipe)'!$A$15:$A$105,1)="M"))=4,SUMPRODUCT(('Eloy Alfaro (San Felipe)'!$B$15:$B$105=D30)*(RIGHT('Eloy Alfaro (San Felipe)'!$A$15:$A$105,1)="M")*VALUE("0"&SUBSTITUTE(SUBSTITUTE(UPPER('Eloy Alfaro (San Felipe)'!$A$15:$A$105),"F",""),"M","")))=102,SUMPRODUCT(('Eloy Alfaro (San Felipe)'!$B$15:$B$105=D30)*(RIGHT('Eloy Alfaro (San Felipe)'!$A$15:$A$105,1)="M")*VALUE("0"&SUBSTITUTE(SUBSTITUTE(UPPER('Eloy Alfaro (San Felipe)'!$A$15:$A$105),"F",""),"M",""))^2)=2606),"✔ Verificado","✖ Revisar"),"✖ Revisar") -> ✖ Revisar
A31: Eloy Alfaro (San Felipe) | B31: — | C31: 366 | D31: U.E. ANA PAEZ MANUEL SALCEDO/ ESCUELA MANUEL SALCEDO | E31: 3500 | F31: =SUMIFS('Eloy Alfaro (San Felipe)'!$E$5:$E$11,'Eloy Alfaro (San Felipe)'!$B$5:$B$11,D31) -> 3500 | G31: 5 | H31: =COUNTIFS('Eloy Alfaro (San Felipe)'!$B$15:$B$105,D31,'Eloy Alfaro (San Felipe)'!$A$15:$A$105,"*F") -> 5 | I31: 5 | J31: =COUNTIFS('Eloy Alfaro (San Felipe)'!$B$15:$B$105,D31,'Eloy Alfaro (San Felipe)'!$A$15:$A$105,"*M") -> 5 | K31: 31F – 35F | L31: =IFERROR(IF(H31=0,"—",(1000-SUMPRODUCT(MAX(('Eloy Alfaro (San Felipe)'!$B$15:$B$105=D31)*(RIGHT('Eloy Alfaro (San Felipe)'!$A$15:$A$105,1)="F")*(1000-VALUE("0"&SUBSTITUTE(SUBSTITUTE(UPPER('Eloy Alfaro (San Felipe)'!$A$15:$A$105),"F",""),"M",""))))))&"F – "&SUMPRODUCT(MAX(('Eloy Alfaro (San Felipe)'!$B$15:$B$105=D31)*(RIGHT('Eloy Alfaro (San Felipe)'!$A$15:$A$105,1)="F")*VALUE("0"&SUBSTITUTE(SUBSTITUTE(UPPER('Eloy Alfaro (San Felipe)'!$A$15:$A$105),"F",""),"M",""))))&"F"),"✖ error") -> 12F – 12F | M31: 28M – 32M | N31: =IFERROR(IF(J31=0,"—",(1000-SUMPRODUCT(MAX(('Eloy Alfaro (San Felipe)'!$B$15:$B$105=D31)*(RIGHT('Eloy Alfaro (San Felipe)'!$A$15:$A$105,1)="M")*(1000-VALUE("0"&SUBSTITUTE(SUBSTITUTE(UPPER('Eloy Alfaro (San Felipe)'!$A$15:$A$105),"F",""),"M",""))))))&"M – "&SUMPRODUCT(MAX(('Eloy Alfaro (San Felipe)'!$B$15:$B$105=D31)*(RIGHT('Eloy Alfaro (San Felipe)'!$A$15:$A$105,1)="M")*VALUE("0"&SUBSTITUTE(SUBSTITUTE(UPPER('Eloy Alfaro (San Felipe)'!$A$15:$A$105),"F",""),"M",""))))&"M"),"✖ error") -> 1000M – 0M | O31: 10 | P31: =IFERROR(IF(AND(E31=F31,G31=H31,I31=J31,K31=L31,M31=N31,SUMPRODUCT(('Eloy Alfaro (San Felipe)'!$B$15:$B$105=D31)*(RIGHT('Eloy Alfaro (San Felipe)'!$A$15:$A$105,1)="F"))=5,SUMPRODUCT(('Eloy Alfaro (San Felipe)'!$B$15:$B$105=D31)*(RIGHT('Eloy Alfaro (San Felipe)'!$A$15:$A$105,1)="F")*VALUE("0"&SUBSTITUTE(SUBSTITUTE(UPPER('Eloy Alfaro (San Felipe)'!$A$15:$A$105),"F",""),"M","")))=165,SUMPRODUCT(('Eloy Alfaro (San Felipe)'!$B$15:$B$105=D31)*(RIGHT('Eloy Alfaro (San Felipe)'!$A$15:$A$105,1)="F")*VALUE("0"&SUBSTITUTE(SUBSTITUTE(UPPER('Eloy Alfaro (San Felipe)'!$A$15:$A$105),"F",""),"M",""))^2)=5455,SUMPRODUCT(('Eloy Alfaro (San Felipe)'!$B$15:$B$105=D31)*(RIGHT('Eloy Alfaro (San Felipe)'!$A$15:$A$105,1)="M"))=5,SUMPRODUCT(('Eloy Alfaro (San Felipe)'!$B$15:$B$105=D31)*(RIGHT('Eloy Alfaro (San Felipe)'!$A$15:$A$105,1)="M")*VALUE("0"&SUBSTITUTE(SUBSTITUTE(UPPER('Eloy Alfaro (San Felipe)'!$A$15:$A$105),"F",""),"M","")))=150,SUMPRODUCT(('Eloy Alfaro (San Felipe)'!$B$15:$B$105=D31)*(RIGHT('Eloy Alfaro (San Felipe)'!$A$15:$A$105,1)="M")*VALUE("0"&SUBSTITUTE(SUBSTITUTE(UPPER('Eloy Alfaro (San Felipe)'!$A$15:$A$105),"F",""),"M",""))^2)=4510),"✔ Verificado","✖ Revisar"),"✖ Revisar") -> ✖ Revisar
A32: Eloy Alfaro (San Felipe) | B32: — | C32: 354 | D32: U.E. ANA PAEZ MANUEL SALCEDO/ ESCUELA ANA PAEZ | E32: 8123 | F32: =SUMIFS('Eloy Alfaro (San Felipe)'!$E$5:$E$11,'Eloy Alfaro (San Felipe)'!$B$5:$B$11,D32) -> 8123 | G32: 12 | H32: =COUNTIFS('Eloy Alfaro (San Felipe)'!$B$15:$B$105,D32,'Eloy Alfaro (San Felipe)'!$A$15:$A$105,"*F") -> 12 | I32: 12 | J32: =COUNTIFS('Eloy Alfaro (San Felipe)'!$B$15:$B$105,D32,'Eloy Alfaro (San Felipe)'!$A$15:$A$105,"*M") -> 12 | K32: 36F – 47F | L32: =IFERROR(IF(H32=0,"—",(1000-SUMPRODUCT(MAX(('Eloy Alfaro (San Felipe)'!$B$15:$B$105=D32)*(RIGHT('Eloy Alfaro (San Felipe)'!$A$15:$A$105,1)="F")*(1000-VALUE("0"&SUBSTITUTE(SUBSTITUTE(UPPER('Eloy Alfaro (San Felipe)'!$A$15:$A$105),"F",""),"M",""))))))&"F – "&SUMPRODUCT(MAX(('Eloy Alfaro (San Felipe)'!$B$15:$B$105=D32)*(RIGHT('Eloy Alfaro (San Felipe)'!$A$15:$A$105,1)="F")*VALUE("0"&SUBSTITUTE(SUBSTITUTE(UPPER('Eloy Alfaro (San Felipe)'!$A$15:$A$105),"F",""),"M",""))))&"F"),"✖ error") -> 13F – 13F | M32: 33M – 44M | N32: =IFERROR(IF(J32=0,"—",(1000-SUMPRODUCT(MAX(('Eloy Alfaro (San Felipe)'!$B$15:$B$105=D32)*(RIGHT('Eloy Alfaro (San Felipe)'!$A$15:$A$105,1)="M")*(1000-VALUE("0"&SUBSTITUTE(SUBSTITUTE(UPPER('Eloy Alfaro (San Felipe)'!$A$15:$A$105),"F",""),"M",""))))))&"M – "&SUMPRODUCT(MAX(('Eloy Alfaro (San Felipe)'!$B$15:$B$105=D32)*(RIGHT('Eloy Alfaro (San Felipe)'!$A$15:$A$105,1)="M")*VALUE("0"&SUBSTITUTE(SUBSTITUTE(UPPER('Eloy Alfaro (San Felipe)'!$A$15:$A$105),"F",""),"M",""))))&"M"),"✖ error") -> 1000M – 0M | O32: 24 | P32: =IFERROR(IF(AND(E32=F32,G32=H32,I32=J32,K32=L32,M32=N32,SUMPRODUCT(('Eloy Alfaro (San Felipe)'!$B$15:$B$105=D32)*(RIGHT('Eloy Alfaro (San Felipe)'!$A$15:$A$105,1)="F"))=12,SUMPRODUCT(('Eloy Alfaro (San Felipe)'!$B$15:$B$105=D32)*(RIGHT('Eloy Alfaro (San Felipe)'!$A$15:$A$105,1)="F")*VALUE("0"&SUBSTITUTE(SUBSTITUTE(UPPER('Eloy Alfaro (San Felipe)'!$A$15:$A$105),"F",""),"M","")))=498,SUMPRODUCT(('Eloy Alfaro (San Felipe)'!$B$15:$B$105=D32)*(RIGHT('Eloy Alfaro (San Felipe)'!$A$15:$A$105,1)="F")*VALUE("0"&SUBSTITUTE(SUBSTITUTE(UPPER('Eloy Alfaro (San Felipe)'!$A$15:$A$105),"F",""),"M",""))^2)=20810,SUMPRODUCT(('Eloy Alfaro (San Felipe)'!$B$15:$B$105=D32)*(RIGHT('Eloy Alfaro (San Felipe)'!$A$15:$A$105,1)="M"))=12,SUMPRODUCT(('Eloy Alfaro (San Felipe)'!$B$15:$B$105=D32)*(RIGHT('Eloy Alfaro (San Felipe)'!$A$15:$A$105,1)="M")*VALUE("0"&SUBSTITUTE(SUBSTITUTE(UPPER('Eloy Alfaro (San Felipe)'!$A$15:$A$105),"F",""),"M","")))=462,SUMPRODUCT(('Eloy Alfaro (San Felipe)'!$B$15:$B$105=D32)*(RIGHT('Eloy Alfaro (San Felipe)'!$A$15:$A$105,1)="M")*VALUE("0"&SUBSTITUTE(SUBSTITUTE(UPPER('Eloy Alfaro (San Felipe)'!$A$15:$A$105),"F",""),"M",""))^2)=17930),"✔ Verificado","✖ Revisar"),"✖ Revisar") -> ✖ Revisar
A33: Ignacio Flores | B33: IGNACIO FLORES | C33: 1576 | D33: U.E. LUIS FERNANDO RUIZ | E33: 5600 | F33: =SUMIFS('Ignacio Flores'!$E$5:$E$9,'Ignacio Flores'!$B$5:$B$9,D33) -> 5600 | G33: 9 | H33: =COUNTIFS('Ignacio Flores'!$B$13:$B$67,D33,'Ignacio Flores'!$A$13:$A$67,"*F") -> 9 | I33: 7 | J33: =COUNTIFS('Ignacio Flores'!$B$13:$B$67,D33,'Ignacio Flores'!$A$13:$A$67,"*M") -> 7 | K33: 1F – 9F | L33: =IFERROR(IF(H33=0,"—",(1000-SUMPRODUCT(MAX(('Ignacio Flores'!$B$13:$B$67=D33)*(RIGHT('Ignacio Flores'!$A$13:$A$67,1)="F")*(1000-VALUE("0"&SUBSTITUTE(SUBSTITUTE(UPPER('Ignacio Flores'!$A$13:$A$67),"F",""),"M",""))))))&"F – "&SUMPRODUCT(MAX(('Ignacio Flores'!$B$13:$B$67=D33)*(RIGHT('Ignacio Flores'!$A$13:$A$67,1)="F")*VALUE("0"&SUBSTITUTE(SUBSTITUTE(UPPER('Ignacio Flores'!$A$13:$A$67),"F",""),"M",""))))&"F"),"✖ error") -> 14F – 14F | M33: 1M – 7M | N33: =IFERROR(IF(J33=0,"—",(1000-SUMPRODUCT(MAX(('Ignacio Flores'!$B$13:$B$67=D33)*(RIGHT('Ignacio Flores'!$A$13:$A$67,1)="M")*(1000-VALUE("0"&SUBSTITUTE(SUBSTITUTE(UPPER('Ignacio Flores'!$A$13:$A$67),"F",""),"M",""))))))&"M – "&SUMPRODUCT(MAX(('Ignacio Flores'!$B$13:$B$67=D33)*(RIGHT('Ignacio Flores'!$A$13:$A$67,1)="M")*VALUE("0"&SUBSTITUTE(SUBSTITUTE(UPPER('Ignacio Flores'!$A$13:$A$67),"F",""),"M",""))))&"M"),"✖ error") -> 1000M – 0M | O33: 16 | P33: =IFERROR(IF(AND(E33=F33,G33=H33,I33=J33,K33=L33,M33=N33,SUMPRODUCT(('Ignacio Flores'!$B$13:$B$67=D33)*(RIGHT('Ignacio Flores'!$A$13:$A$67,1)="F"))=9,SUMPRODUCT(('Ignacio Flores'!$B$13:$B$67=D33)*(RIGHT('Ignacio Flores'!$A$13:$A$67,1)="F")*VALUE("0"&SUBSTITUTE(SUBSTITUTE(UPPER('Ignacio Flores'!$A$13:$A$67),"F",""),"M","")))=45,SUMPRODUCT(('Ignacio Flores'!$B$13:$B$67=D33)*(RIGHT('Ignacio Flores'!$A$13:$A$67,1)="F")*VALUE("0"&SUBSTITUTE(SUBSTITUTE(UPPER('Ignacio Flores'!$A$13:$A$67),"F",""),"M",""))^2)=285,SUMPRODUCT(('Ignacio Flores'!$B$13:$B$67=D33)*(RIGHT('Ignacio Flores'!$A$13:$A$67,1)="M"))=7,SUMPRODUCT(('Ignacio Flores'!$B$13:$B$67=D33)*(RIGHT('Ignacio Flores'!$A$13:$A$67,1)="M")*VALUE("0"&SUBSTITUTE(SUBSTITUTE(UPPER('Ignacio Flores'!$A$13:$A$67),"F",""),"M","")))=28,SUMPRODUCT(('Ignacio Flores'!$B$13:$B$67=D33)*(RIGHT('Ignacio Flores'!$A$13:$A$67,1)="M")*VALUE("0"&SUBSTITUTE(SUBSTITUTE(UPPER('Ignacio Flores'!$A$13:$A$67),"F",""),"M",""))^2)=140),"✔ Verificado","✖ Revisar"),"✖ Revisar") -> ✖ Revisar
A34: Ignacio Flores | B34: IGNACIO FLORES | C34: 1575 | D34: U.E. 11 DE NOVIEMBRE | E34: 4900 | F34: =SUMIFS('Ignacio Flores'!$E$5:$E$9,'Ignacio Flores'!$B$5:$B$9,D34) -> 4900 | G34: 7 | H34: =COUNTIFS('Ignacio Flores'!$B$13:$B$67,D34,'Ignacio Flores'!$A$13:$A$67,"*F") -> 7 | I34: 7 | J34: =COUNTIFS('Ignacio Flores'!$B$13:$B$67,D34,'Ignacio Flores'!$A$13:$A$67,"*M") -> 7 | K34: 10F – 16F | L34: =IFERROR(IF(H34=0,"—",(1000-SUMPRODUCT(MAX(('Ignacio Flores'!$B$13:$B$67=D34)*(RIGHT('Ignacio Flores'!$A$13:$A$67,1)="F")*(1000-VALUE("0"&SUBSTITUTE(SUBSTITUTE(UPPER('Ignacio Flores'!$A$13:$A$67),"F",""),"M",""))))))&"F – "&SUMPRODUCT(MAX(('Ignacio Flores'!$B$13:$B$67=D34)*(RIGHT('Ignacio Flores'!$A$13:$A$67,1)="F")*VALUE("0"&SUBSTITUTE(SUBSTITUTE(UPPER('Ignacio Flores'!$A$13:$A$67),"F",""),"M",""))))&"F"),"✖ error") -> 15F – 15F | M34: 8M – 14M | N34: =IFERROR(IF(J34=0,"—",(1000-SUMPRODUCT(MAX(('Ignacio Flores'!$B$13:$B$67=D34)*(RIGHT('Ignacio Flores'!$A$13:$A$67,1)="M")*(1000-VALUE("0"&SUBSTITUTE(SUBSTITUTE(UPPER('Ignacio Flores'!$A$13:$A$67),"F",""),"M",""))))))&"M – "&SUMPRODUCT(MAX(('Ignacio Flores'!$B$13:$B$67=D34)*(RIGHT('Ignacio Flores'!$A$13:$A$67,1)="M")*VALUE("0"&SUBSTITUTE(SUBSTITUTE(UPPER('Ignacio Flores'!$A$13:$A$67),"F",""),"M",""))))&"M"),"✖ error") -> 1000M – 0M | O34: 14 | P34: =IFERROR(IF(AND(E34=F34,G34=H34,I34=J34,K34=L34,M34=N34,SUMPRODUCT(('Ignacio Flores'!$B$13:$B$67=D34)*(RIGHT('Ignacio Flores'!$A$13:$A$67,1)="F"))=7,SUMPRODUCT(('Ignacio Flores'!$B$13:$B$67=D34)*(RIGHT('Ignacio Flores'!$A$13:$A$67,1)="F")*VALUE("0"&SUBSTITUTE(SUBSTITUTE(UPPER('Ignacio Flores'!$A$13:$A$67),"F",""),"M","")))=91,SUMPRODUCT(('Ignacio Flores'!$B$13:$B$67=D34)*(RIGHT('Ignacio Flores'!$A$13:$A$67,1)="F")*VALUE("0"&SUBSTITUTE(SUBSTITUTE(UPPER('Ignacio Flores'!$A$13:$A$67),"F",""),"M",""))^2)=1211,SUMPRODUCT(('Ignacio Flores'!$B$13:$B$67=D34)*(RIGHT('Ignacio Flores'!$A$13:$A$67,1)="M"))=7,SUMPRODUCT(('Ignacio Flores'!$B$13:$B$67=D34)*(RIGHT('Ignacio Flores'!$A$13:$A$67,1)="M")*VALUE("0"&SUBSTITUTE(SUBSTITUTE(UPPER('Ignacio Flores'!$A$13:$A$67),"F",""),"M","")))=77,SUMPRODUCT(('Ignacio Flores'!$B$13:$B$67=D34)*(RIGHT('Ignacio Flores'!$A$13:$A$67,1)="M")*VALUE("0"&SUBSTITUTE(SUBSTITUTE(UPPER('Ignacio Flores'!$A$13:$A$67),"F",""),"M",""))^2)=875),"✔ Verificado","✖ Revisar"),"✖ Revisar") -> ✖ Revisar
A35: Ignacio Flores | B35: IGNACIO FLORES | C35: 6322 | D35: U.E. JOSE MARIA VELASCO IBARRA | E35: 3150 | F35: =SUMIFS('Ignacio Flores'!$E$5:$E$9,'Ignacio Flores'!$B$5:$B$9,D35) -> 3150 | G35: 5 | H35: =COUNTIFS('Ignacio Flores'!$B$13:$B$67,D35,'Ignacio Flores'!$A$13:$A$67,"*F") -> 5 | I35: 4 | J35: =COUNTIFS('Ignacio Flores'!$B$13:$B$67,D35,'Ignacio Flores'!$A$13:$A$67,"*M") -> 4 | K35: 17F – 21F | L35: =IFERROR(IF(H35=0,"—",(1000-SUMPRODUCT(MAX(('Ignacio Flores'!$B$13:$B$67=D35)*(RIGHT('Ignacio Flores'!$A$13:$A$67,1)="F")*(1000-VALUE("0"&SUBSTITUTE(SUBSTITUTE(UPPER('Ignacio Flores'!$A$13:$A$67),"F",""),"M",""))))))&"F – "&SUMPRODUCT(MAX(('Ignacio Flores'!$B$13:$B$67=D35)*(RIGHT('Ignacio Flores'!$A$13:$A$67,1)="F")*VALUE("0"&SUBSTITUTE(SUBSTITUTE(UPPER('Ignacio Flores'!$A$13:$A$67),"F",""),"M",""))))&"F"),"✖ error") -> 16F – 16F | M35: 15M – 18M | N35: =IFERROR(IF(J35=0,"—",(1000-SUMPRODUCT(MAX(('Ignacio Flores'!$B$13:$B$67=D35)*(RIGHT('Ignacio Flores'!$A$13:$A$67,1)="M")*(1000-VALUE("0"&SUBSTITUTE(SUBSTITUTE(UPPER('Ignacio Flores'!$A$13:$A$67),"F",""),"M",""))))))&"M – "&SUMPRODUCT(MAX(('Ignacio Flores'!$B$13:$B$67=D35)*(RIGHT('Ignacio Flores'!$A$13:$A$67,1)="M")*VALUE("0"&SUBSTITUTE(SUBSTITUTE(UPPER('Ignacio Flores'!$A$13:$A$67),"F",""),"M",""))))&"M"),"✖ error") -> 1000M – 0M | O35: 9 | P35: =IFERROR(IF(AND(E35=F35,G35=H35,I35=J35,K35=L35,M35=N35,SUMPRODUCT(('Ignacio Flores'!$B$13:$B$67=D35)*(RIGHT('Ignacio Flores'!$A$13:$A$67,1)="F"))=5,SUMPRODUCT(('Ignacio Flores'!$B$13:$B$67=D35)*(RIGHT('Ignacio Flores'!$A$13:$A$67,1)="F")*VALUE("0"&SUBSTITUTE(SUBSTITUTE(UPPER('Ignacio Flores'!$A$13:$A$67),"F",""),"M","")))=95,SUMPRODUCT(('Ignacio Flores'!$B$13:$B$67=D35)*(RIGHT('Ignacio Flores'!$A$13:$A$67,1)="F")*VALUE("0"&SUBSTITUTE(SUBSTITUTE(UPPER('Ignacio Flores'!$A$13:$A$67),"F",""),"M",""))^2)=1815,SUMPRODUCT(('Ignacio Flores'!$B$13:$B$67=D35)*(RIGHT('Ignacio Flores'!$A$13:$A$67,1)="M"))=4,SUMPRODUCT(('Ignacio Flores'!$B$13:$B$67=D35)*(RIGHT('Ignacio Flores'!$A$13:$A$67,1)="M")*VALUE("0"&SUBSTITUTE(SUBSTITUTE(UPPER('Ignacio Flores'!$A$13:$A$67),"F",""),"M","")))=66,SUMPRODUCT(('Ignacio Flores'!$B$13:$B$67=D35)*(RIGHT('Ignacio Flores'!$A$13:$A$67,1)="M")*VALUE("0"&SUBSTITUTE(SUBSTITUTE(UPPER('Ignacio Flores'!$A$13:$A$67),"F",""),"M",""))^2)=1094),"✔ Verificado","✖ Revisar"),"✖ Revisar") -> ✖ Revisar
A36: Ignacio Flores | B36: IGNACIO FLORES | C36: 6332 | D36: UNIDAD EDUCATIVA RAMON BARBA NARANJO/ CENTRO | E36: 4659 | F36: =SUMIFS('Ignacio Flores'!$E$5:$E$9,'Ignacio Flores'!$B$5:$B$9,D36) -> 4659 | G36: 7 | H36: =COUNTIFS('Ignacio Flores'!$B$13:$B$67,D36,'Ignacio Flores'!$A$13:$A$67,"*F") -> 7 | I36: 7 | J36: =COUNTIFS('Ignacio Flores'!$B$13:$B$67,D36,'Ignacio Flores'!$A$13:$A$67,"*M") -> 7 | K36: 22F – 28F | L36: =IFERROR(IF(H36=0,"—",(1000-SUMPRODUCT(MAX(('Ignacio Flores'!$B$13:$B$67=D36)*(RIGHT('Ignacio Flores'!$A$13:$A$67,1)="F")*(1000-VALUE("0"&SUBSTITUTE(SUBSTITUTE(UPPER('Ignacio Flores'!$A$13:$A$67),"F",""),"M",""))))))&"F – "&SUMPRODUCT(MAX(('Ignacio Flores'!$B$13:$B$67=D36)*(RIGHT('Ignacio Flores'!$A$13:$A$67,1)="F")*VALUE("0"&SUBSTITUTE(SUBSTITUTE(UPPER('Ignacio Flores'!$A$13:$A$67),"F",""),"M",""))))&"F"),"✖ error") -> 1000F – 0F | M36: 19M – 25M | N36: =IFERROR(IF(J36=0,"—",(1000-SUMPRODUCT(MAX(('Ignacio Flores'!$B$13:$B$67=D36)*(RIGHT('Ignacio Flores'!$A$13:$A$67,1)="M")*(1000-VALUE("0"&SUBSTITUTE(SUBSTITUTE(UPPER('Ignacio Flores'!$A$13:$A$67),"F",""),"M",""))))))&"M – "&SUMPRODUCT(MAX(('Ignacio Flores'!$B$13:$B$67=D36)*(RIGHT('Ignacio Flores'!$A$13:$A$67,1)="M")*VALUE("0"&SUBSTITUTE(SUBSTITUTE(UPPER('Ignacio Flores'!$A$13:$A$67),"F",""),"M",""))))&"M"),"✖ error") -> 8M – 8M | O36: 14 | P36: =IFERROR(IF(AND(E36=F36,G36=H36,I36=J36,K36=L36,M36=N36,SUMPRODUCT(('Ignacio Flores'!$B$13:$B$67=D36)*(RIGHT('Ignacio Flores'!$A$13:$A$67,1)="F"))=7,SUMPRODUCT(('Ignacio Flores'!$B$13:$B$67=D36)*(RIGHT('Ignacio Flores'!$A$13:$A$67,1)="F")*VALUE("0"&SUBSTITUTE(SUBSTITUTE(UPPER('Ignacio Flores'!$A$13:$A$67),"F",""),"M","")))=175,SUMPRODUCT(('Ignacio Flores'!$B$13:$B$67=D36)*(RIGHT('Ignacio Flores'!$A$13:$A$67,1)="F")*VALUE("0"&SUBSTITUTE(SUBSTITUTE(UPPER('Ignacio Flores'!$A$13:$A$67),"F",""),"M",""))^2)=4403,SUMPRODUCT(('Ignacio Flores'!$B$13:$B$67=D36)*(RIGHT('Ignacio Flores'!$A$13:$A$67,1)="M"))=7,SUMPRODUCT(('Ignacio Flores'!$B$13:$B$67=D36)*(RIGHT('Ignacio Flores'!$A$13:$A$67,1)="M")*VALUE("0"&SUBSTITUTE(SUBSTITUTE(UPPER('Ignacio Flores'!$A$13:$A$67),"F",""),"M","")))=154,SUMPRODUCT(('Ignacio Flores'!$B$13:$B$67=D36)*(RIGHT('Ignacio Flores'!$A$13:$A$67,1)="M")*VALUE("0"&SUBSTITUTE(SUBSTITUTE(UPPER('Ignacio Flores'!$A$13:$A$67),"F",""),"M",""))^2)=3416),"✔ Verificado","✖ Revisar"),"✖ Revisar") -> ✖ Revisar
A37: Ignacio Flores | B37: PALOPO CENTRO | C37: 6833 | D37: UNIDAD EDUCATIVA INTERCULTURAL BILINGUE SUMAK KAWSAY | E37: 286 | F37: =SUMIFS('Ignacio Flores'!$E$5:$E$9,'Ignacio Flores'!$B$5:$B$9,D37) -> 286 | G37: 1 | H37: =COUNTIFS('Ignacio Flores'!$B$13:$B$67,D37,'Ignacio Flores'!$A$13:$A$67,"*F") -> 1 | I37: 1 | J37: =COUNTIFS('Ignacio Flores'!$B$13:$B$67,D37,'Ignacio Flores'!$A$13:$A$67,"*M") -> 1 | K37: 1F – 1F | L37: =IFERROR(IF(H37=0,"—",(1000-SUMPRODUCT(MAX(('Ignacio Flores'!$B$13:$B$67=D37)*(RIGHT('Ignacio Flores'!$A$13:$A$67,1)="F")*(1000-VALUE("0"&SUBSTITUTE(SUBSTITUTE(UPPER('Ignacio Flores'!$A$13:$A$67),"F",""),"M",""))))))&"F – "&SUMPRODUCT(MAX(('Ignacio Flores'!$B$13:$B$67=D37)*(RIGHT('Ignacio Flores'!$A$13:$A$67,1)="F")*VALUE("0"&SUBSTITUTE(SUBSTITUTE(UPPER('Ignacio Flores'!$A$13:$A$67),"F",""),"M",""))))&"F"),"✖ error") -> 1000F – 0F | M37: 1M – 1M | N37: =IFERROR(IF(J37=0,"—",(1000-SUMPRODUCT(MAX(('Ignacio Flores'!$B$13:$B$67=D37)*(RIGHT('Ignacio Flores'!$A$13:$A$67,1)="M")*(1000-VALUE("0"&SUBSTITUTE(SUBSTITUTE(UPPER('Ignacio Flores'!$A$13:$A$67),"F",""),"M",""))))))&"M – "&SUMPRODUCT(MAX(('Ignacio Flores'!$B$13:$B$67=D37)*(RIGHT('Ignacio Flores'!$A$13:$A$67,1)="M")*VALUE("0"&SUBSTITUTE(SUBSTITUTE(UPPER('Ignacio Flores'!$A$13:$A$67),"F",""),"M",""))))&"M"),"✖ error") -> 9M – 9M | O37: 2 | P37: =IFERROR(IF(AND(E37=F37,G37=H37,I37=J37,K37=L37,M37=N37,SUMPRODUCT(('Ignacio Flores'!$B$13:$B$67=D37)*(RIGHT('Ignacio Flores'!$A$13:$A$67,1)="F"))=1,SUMPRODUCT(('Ignacio Flores'!$B$13:$B$67=D37)*(RIGHT('Ignacio Flores'!$A$13:$A$67,1)="F")*VALUE("0"&SUBSTITUTE(SUBSTITUTE(UPPER('Ignacio Flores'!$A$13:$A$67),"F",""),"M","")))=1,SUMPRODUCT(('Ignacio Flores'!$B$13:$B$67=D37)*(RIGHT('Ignacio Flores'!$A$13:$A$67,1)="F")*VALUE("0"&SUBSTITUTE(SUBSTITUTE(UPPER('Ignacio Flores'!$A$13:$A$67),"F",""),"M",""))^2)=1,SUMPRODUCT(('Ignacio Flores'!$B$13:$B$67=D37)*(RIGHT('Ignacio Flores'!$A$13:$A$67,1)="M"))=1,SUMPRODUCT(('Ignacio Flores'!$B$13:$B$67=D37)*(RIGHT('Ignacio Flores'!$A$13:$A$67,1)="M")*VALUE("0"&SUBSTITUTE(SUBSTITUTE(UPPER('Ignacio Flores'!$A$13:$A$67),"F",""),"M","")))=1,SUMPRODUCT(('Ignacio Flores'!$B$13:$B$67=D37)*(RIGHT('Ignacio Flores'!$A$13:$A$67,1)="M")*VALUE("0"&SUBSTITUTE(SUBSTITUTE(UPPER('Ignacio Flores'!$A$13:$A$67),"F",""),"M",""))^2)=1),"✔ Verificado","✖ Revisar"),"✖ Revisar") -> ✖ Revisar
A38: Juan Montalvo (San Sebastián) | B38: — | C38: 1605 | D38: U.E. VICENTE LEON (LA COCHA) | E38: 4900 | F38: =SUMIFS('Juan Montalvo (San Sebastián)'!$E$5:$E$9,'Juan Montalvo (San Sebastián)'!$B$5:$B$9,D38) -> 4900 | G38: 8 | H38: =COUNTIFS('Juan Montalvo (San Sebastián)'!$B$13:$B$60,D38,'Juan Montalvo (San Sebastián)'!$A$13:$A$60,"*F") -> 8 | I38: 6 | J38: =COUNTIFS('Juan Montalvo (San Sebastián)'!$B$13:$B$60,D38,'Juan Montalvo (San Sebastián)'!$A$13:$A$60,"*M") -> 6 | K38: 1F – 8F | L38: =IFERROR(IF(H38=0,"—",(1000-SUMPRODUCT(MAX(('Juan Montalvo (San Sebastián)'!$B$13:$B$60=D38)*(RIGHT('Juan Montalvo (San Sebastián)'!$A$13:$A$60,1)="F")*(1000-VALUE("0"&SUBSTITUTE(SUBSTITUTE(UPPER('Juan Montalvo (San Sebastián)'!$A$13:$A$60),"F",""),"M",""))))))&"F – "&SUMPRODUCT(MAX(('Juan Montalvo (San Sebastián)'!$B$13:$B$60=D38)*(RIGHT('Juan Montalvo (San Sebastián)'!$A$13:$A$60,1)="F")*VALUE("0"&SUBSTITUTE(SUBSTITUTE(UPPER('Juan Montalvo (San Sebastián)'!$A$13:$A$60),"F",""),"M",""))))&"F"),"✖ error") -> 16F – 16F | M38: 1M – 6M | N38: =IFERROR(IF(J38=0,"—",(1000-SUMPRODUCT(MAX(('Juan Montalvo (San Sebastián)'!$B$13:$B$60=D38)*(RIGHT('Juan Montalvo (San Sebastián)'!$A$13:$A$60,1)="M")*(1000-VALUE("0"&SUBSTITUTE(SUBSTITUTE(UPPER('Juan Montalvo (San Sebastián)'!$A$13:$A$60),"F",""),"M",""))))))&"M – "&SUMPRODUCT(MAX(('Juan Montalvo (San Sebastián)'!$B$13:$B$60=D38)*(RIGHT('Juan Montalvo (San Sebastián)'!$A$13:$A$60,1)="M")*VALUE("0"&SUBSTITUTE(SUBSTITUTE(UPPER('Juan Montalvo (San Sebastián)'!$A$13:$A$60),"F",""),"M",""))))&"M"),"✖ error") -> 1000M – 0M | O38: 14 | P38: =IFERROR(IF(AND(E38=F38,G38=H38,I38=J38,K38=L38,M38=N38,SUMPRODUCT(('Juan Montalvo (San Sebastián)'!$B$13:$B$60=D38)*(RIGHT('Juan Montalvo (San Sebastián)'!$A$13:$A$60,1)="F"))=8,SUMPRODUCT(('Juan Montalvo (San Sebastián)'!$B$13:$B$60=D38)*(RIGHT('Juan Montalvo (San Sebastián)'!$A$13:$A$60,1)="F")*VALUE("0"&SUBSTITUTE(SUBSTITUTE(UPPER('Juan Montalvo (San Sebastián)'!$A$13:$A$60),"F",""),"M","")))=36,SUMPRODUCT(('Juan Montalvo (San Sebastián)'!$B$13:$B$60=D38)*(RIGHT('Juan Montalvo (San Sebastián)'!$A$13:$A$60,1)="F")*VALUE("0"&SUBSTITUTE(SUBSTITUTE(UPPER('Juan Montalvo (San Sebastián)'!$A$13:$A$60),"F",""),"M",""))^2)=204,SUMPRODUCT(('Juan Montalvo (San Sebastián)'!$B$13:$B$60=D38)*(RIGHT('Juan Montalvo (San Sebastián)'!$A$13:$A$60,1)="M"))=6,SUMPRODUCT(('Juan Montalvo (San Sebastián)'!$B$13:$B$60=D38)*(RIGHT('Juan Montalvo (San Sebastián)'!$A$13:$A$60,1)="M")*VALUE("0"&SUBSTITUTE(SUBSTITUTE(UPPER('Juan Montalvo (San Sebastián)'!$A$13:$A$60),"F",""),"M","")))=21,SUMPRODUCT(('Juan Montalvo (San Sebastián)'!$B$13:$B$60=D38)*(RIGHT('Juan Montalvo (San Sebastián)'!$A$13:$A$60,1)="M")*VALUE("0"&SUBSTITUTE(SUBSTITUTE(UPPER('Juan Montalvo (San Sebastián)'!$A$13:$A$60),"F",""),"M",""))^2)=91),"✔ Verificado","✖ Revisar"),"✖ Revisar") -> ✖ Revisar
A39: Juan Montalvo (San Sebastián) | B39: — | C39: 6442 | D39: UNIDAD EDUCATIVA JOSÉ MARÍA VELAZ | E39: 2800 | F39: =SUMIFS('Juan Montalvo (San Sebastián)'!$E$5:$E$9,'Juan Montalvo (San Sebastián)'!$B$5:$B$9,D39) -> 2800 | G39: 4 | H39: =COUNTIFS('Juan Montalvo (San Sebastián)'!$B$13:$B$60,D39,'Juan Montalvo (San Sebastián)'!$A$13:$A$60,"*F") -> 4 | I39: 4 | J39: =COUNTIFS('Juan Montalvo (San Sebastián)'!$B$13:$B$60,D39,'Juan Montalvo (San Sebastián)'!$A$13:$A$60,"*M") -> 4 | K39: 9F – 12F | L39: =IFERROR(IF(H39=0,"—",(1000-SUMPRODUCT(MAX(('Juan Montalvo (San Sebastián)'!$B$13:$B$60=D39)*(RIGHT('Juan Montalvo (San Sebastián)'!$A$13:$A$60,1)="F")*(1000-VALUE("0"&SUBSTITUTE(SUBSTITUTE(UPPER('Juan Montalvo (San Sebastián)'!$A$13:$A$60),"F",""),"M",""))))))&"F – "&SUMPRODUCT(MAX(('Juan Montalvo (San Sebastián)'!$B$13:$B$60=D39)*(RIGHT('Juan Montalvo (San Sebastián)'!$A$13:$A$60,1)="F")*VALUE("0"&SUBSTITUTE(SUBSTITUTE(UPPER('Juan Montalvo (San Sebastián)'!$A$13:$A$60),"F",""),"M",""))))&"F"),"✖ error") -> 17F – 17F | M39: 7M – 10M | N39: =IFERROR(IF(J39=0,"—",(1000-SUMPRODUCT(MAX(('Juan Montalvo (San Sebastián)'!$B$13:$B$60=D39)*(RIGHT('Juan Montalvo (San Sebastián)'!$A$13:$A$60,1)="M")*(1000-VALUE("0"&SUBSTITUTE(SUBSTITUTE(UPPER('Juan Montalvo (San Sebastián)'!$A$13:$A$60),"F",""),"M",""))))))&"M – "&SUMPRODUCT(MAX(('Juan Montalvo (San Sebastián)'!$B$13:$B$60=D39)*(RIGHT('Juan Montalvo (San Sebastián)'!$A$13:$A$60,1)="M")*VALUE("0"&SUBSTITUTE(SUBSTITUTE(UPPER('Juan Montalvo (San Sebastián)'!$A$13:$A$60),"F",""),"M",""))))&"M"),"✖ error") -> 1000M – 0M | O39: 8 | P39: =IFERROR(IF(AND(E39=F39,G39=H39,I39=J39,K39=L39,M39=N39,SUMPRODUCT(('Juan Montalvo (San Sebastián)'!$B$13:$B$60=D39)*(RIGHT('Juan Montalvo (San Sebastián)'!$A$13:$A$60,1)="F"))=4,SUMPRODUCT(('Juan Montalvo (San Sebastián)'!$B$13:$B$60=D39)*(RIGHT('Juan Montalvo (San Sebastián)'!$A$13:$A$60,1)="F")*VALUE("0"&SUBSTITUTE(SUBSTITUTE(UPPER('Juan Montalvo (San Sebastián)'!$A$13:$A$60),"F",""),"M","")))=42,SUMPRODUCT(('Juan Montalvo (San Sebastián)'!$B$13:$B$60=D39)*(RIGHT('Juan Montalvo (San Sebastián)'!$A$13:$A$60,1)="F")*VALUE("0"&SUBSTITUTE(SUBSTITUTE(UPPER('Juan Montalvo (San Sebastián)'!$A$13:$A$60),"F",""),"M",""))^2)=446,SUMPRODUCT(('Juan Montalvo (San Sebastián)'!$B$13:$B$60=D39)*(RIGHT('Juan Montalvo (San Sebastián)'!$A$13:$A$60,1)="M"))=4,SUMPRODUCT(('Juan Montalvo (San Sebastián)'!$B$13:$B$60=D39)*(RIGHT('Juan Montalvo (San Sebastián)'!$A$13:$A$60,1)="M")*VALUE("0"&SUBSTITUTE(SUBSTITUTE(UPPER('Juan Montalvo (San Sebastián)'!$A$13:$A$60),"F",""),"M","")))=34,SUMPRODUCT(('Juan Montalvo (San Sebastián)'!$B$13:$B$60=D39)*(RIGHT('Juan Montalvo (San Sebastián)'!$A$13:$A$60,1)="M")*VALUE("0"&SUBSTITUTE(SUBSTITUTE(UPPER('Juan Montalvo (San Sebastián)'!$A$13:$A$60),"F",""),"M",""))^2)=294),"✔ Verificado","✖ Revisar"),"✖ Revisar") -> ✖ Revisar
A40: Juan Montalvo (San Sebastián) | B40: — | C40: 2013 | D40: UNIDAD EDUCATIVA LUIS FERNANDO VIVERO | E40: 3500 | F40: =SUMIFS('Juan Montalvo (San Sebastián)'!$E$5:$E$9,'Juan Montalvo (San Sebastián)'!$B$5:$B$9,D40) -> 3500 | G40: 5 | H40: =COUNTIFS('Juan Montalvo (San Sebastián)'!$B$13:$B$60,D40,'Juan Montalvo (San Sebastián)'!$A$13:$A$60,"*F") -> 5 | I40: 5 | J40: =COUNTIFS('Juan Montalvo (San Sebastián)'!$B$13:$B$60,D40,'Juan Montalvo (San Sebastián)'!$A$13:$A$60,"*M") -> 5 | K40: 13F – 17F | L40: =IFERROR(IF(H40=0,"—",(1000-SUMPRODUCT(MAX(('Juan Montalvo (San Sebastián)'!$B$13:$B$60=D40)*(RIGHT('Juan Montalvo (San Sebastián)'!$A$13:$A$60,1)="F")*(1000-VALUE("0"&SUBSTITUTE(SUBSTITUTE(UPPER('Juan Montalvo (San Sebastián)'!$A$13:$A$60),"F",""),"M",""))))))&"F – "&SUMPRODUCT(MAX(('Juan Montalvo (San Sebastián)'!$B$13:$B$60=D40)*(RIGHT('Juan Montalvo (San Sebastián)'!$A$13:$A$60,1)="F")*VALUE("0"&SUBSTITUTE(SUBSTITUTE(UPPER('Juan Montalvo (San Sebastián)'!$A$13:$A$60),"F",""),"M",""))))&"F"),"✖ error") -> 1000F – 0F | M40: 11M – 15M | N40: =IFERROR(IF(J40=0,"—",(1000-SUMPRODUCT(MAX(('Juan Montalvo (San Sebastián)'!$B$13:$B$60=D40)*(RIGHT('Juan Montalvo (San Sebastián)'!$A$13:$A$60,1)="M")*(1000-VALUE("0"&SUBSTITUTE(SUBSTITUTE(UPPER('Juan Montalvo (San Sebastián)'!$A$13:$A$60),"F",""),"M",""))))))&"M – "&SUMPRODUCT(MAX(('Juan Montalvo (San Sebastián)'!$B$13:$B$60=D40)*(RIGHT('Juan Montalvo (San Sebastián)'!$A$13:$A$60,1)="M")*VALUE("0"&SUBSTITUTE(SUBSTITUTE(UPPER('Juan Montalvo (San Sebastián)'!$A$13:$A$60),"F",""),"M",""))))&"M"),"✖ error") -> 11M – 11M | O40: 10 | P40: =IFERROR(IF(AND(E40=F40,G40=H40,I40=J40,K40=L40,M40=N40,SUMPRODUCT(('Juan Montalvo (San Sebastián)'!$B$13:$B$60=D40)*(RIGHT('Juan Montalvo (San Sebastián)'!$A$13:$A$60,1)="F"))=5,SUMPRODUCT(('Juan Montalvo (San Sebastián)'!$B$13:$B$60=D40)*(RIGHT('Juan Montalvo (San Sebastián)'!$A$13:$A$60,1)="F")*VALUE("0"&SUBSTITUTE(SUBSTITUTE(UPPER('Juan Montalvo (San Sebastián)'!$A$13:$A$60),"F",""),"M","")))=75,SUMPRODUCT(('Juan Montalvo (San Sebastián)'!$B$13:$B$60=D40)*(RIGHT('Juan Montalvo (San Sebastián)'!$A$13:$A$60,1)="F")*VALUE("0"&SUBSTITUTE(SUBSTITUTE(UPPER('Juan Montalvo (San Sebastián)'!$A$13:$A$60),"F",""),"M",""))^2)=1135,SUMPRODUCT(('Juan Montalvo (San Sebastián)'!$B$13:$B$60=D40)*(RIGHT('Juan Montalvo (San Sebastián)'!$A$13:$A$60,1)="M"))=5,SUMPRODUCT(('Juan Montalvo (San Sebastián)'!$B$13:$B$60=D40)*(RIGHT('Juan Montalvo (San Sebastián)'!$A$13:$A$60,1)="M")*VALUE("0"&SUBSTITUTE(SUBSTITUTE(UPPER('Juan Montalvo (San Sebastián)'!$A$13:$A$60),"F",""),"M","")))=65,SUMPRODUCT(('Juan Montalvo (San Sebastián)'!$B$13:$B$60=D40)*(RIGHT('Juan Montalvo (San Sebastián)'!$A$13:$A$60,1)="M")*VALUE("0"&SUBSTITUTE(SUBSTITUTE(UPPER('Juan Montalvo (San Sebastián)'!$A$13:$A$60),"F",""),"M",""))^2)=855),"✔ Verificado","✖ Revisar"),"✖ Revisar") -> ✖ Revisar
A41: Juan Montalvo (San Sebastián) | B41: — | C41: 6461 | D41: U.E. SEMILLITAS DE VIDA | E41: 2800 | F41: =SUMIFS('Juan Montalvo (San Sebastián)'!$E$5:$E$9,'Juan Montalvo (San Sebastián)'!$B$5:$B$9,D41) -> 2800 | G41: 4 | H41: =COUNTIFS('Juan Montalvo (San Sebastián)'!$B$13:$B$60,D41,'Juan Montalvo (San Sebastián)'!$A$13:$A$60,"*F") -> 4 | I41: 4 | J41: =COUNTIFS('Juan Montalvo (San Sebastián)'!$B$13:$B$60,D41,'Juan Montalvo (San Sebastián)'!$A$13:$A$60,"*M") -> 4 | K41: 18F – 21F | L41: =IFERROR(IF(H41=0,"—",(1000-SUMPRODUCT(MAX(('Juan Montalvo (San Sebastián)'!$B$13:$B$60=D41)*(RIGHT('Juan Montalvo (San Sebastián)'!$A$13:$A$60,1)="F")*(1000-VALUE("0"&SUBSTITUTE(SUBSTITUTE(UPPER('Juan Montalvo (San Sebastián)'!$A$13:$A$60),"F",""),"M",""))))))&"F – "&SUMPRODUCT(MAX(('Juan Montalvo (San Sebastián)'!$B$13:$B$60=D41)*(RIGHT('Juan Montalvo (San Sebastián)'!$A$13:$A$60,1)="F")*VALUE("0"&SUBSTITUTE(SUBSTITUTE(UPPER('Juan Montalvo (San Sebastián)'!$A$13:$A$60),"F",""),"M",""))))&"F"),"✖ error") -> 1000F – 0F | M41: 16M – 19M | N41: =IFERROR(IF(J41=0,"—",(1000-SUMPRODUCT(MAX(('Juan Montalvo (San Sebastián)'!$B$13:$B$60=D41)*(RIGHT('Juan Montalvo (San Sebastián)'!$A$13:$A$60,1)="M")*(1000-VALUE("0"&SUBSTITUTE(SUBSTITUTE(UPPER('Juan Montalvo (San Sebastián)'!$A$13:$A$60),"F",""),"M",""))))))&"M – "&SUMPRODUCT(MAX(('Juan Montalvo (San Sebastián)'!$B$13:$B$60=D41)*(RIGHT('Juan Montalvo (San Sebastián)'!$A$13:$A$60,1)="M")*VALUE("0"&SUBSTITUTE(SUBSTITUTE(UPPER('Juan Montalvo (San Sebastián)'!$A$13:$A$60),"F",""),"M",""))))&"M"),"✖ error") -> 12M – 12M | O41: 8 | P41: =IFERROR(IF(AND(E41=F41,G41=H41,I41=J41,K41=L41,M41=N41,SUMPRODUCT(('Juan Montalvo (San Sebastián)'!$B$13:$B$60=D41)*(RIGHT('Juan Montalvo (San Sebastián)'!$A$13:$A$60,1)="F"))=4,SUMPRODUCT(('Juan Montalvo (San Sebastián)'!$B$13:$B$60=D41)*(RIGHT('Juan Montalvo (San Sebastián)'!$A$13:$A$60,1)="F")*VALUE("0"&SUBSTITUTE(SUBSTITUTE(UPPER('Juan Montalvo (San Sebastián)'!$A$13:$A$60),"F",""),"M","")))=78,SUMPRODUCT(('Juan Montalvo (San Sebastián)'!$B$13:$B$60=D41)*(RIGHT('Juan Montalvo (San Sebastián)'!$A$13:$A$60,1)="F")*VALUE("0"&SUBSTITUTE(SUBSTITUTE(UPPER('Juan Montalvo (San Sebastián)'!$A$13:$A$60),"F",""),"M",""))^2)=1526,SUMPRODUCT(('Juan Montalvo (San Sebastián)'!$B$13:$B$60=D41)*(RIGHT('Juan Montalvo (San Sebastián)'!$A$13:$A$60,1)="M"))=4,SUMPRODUCT(('Juan Montalvo (San Sebastián)'!$B$13:$B$60=D41)*(RIGHT('Juan Montalvo (San Sebastián)'!$A$13:$A$60,1)="M")*VALUE("0"&SUBSTITUTE(SUBSTITUTE(UPPER('Juan Montalvo (San Sebastián)'!$A$13:$A$60),"F",""),"M","")))=70,SUMPRODUCT(('Juan Montalvo (San Sebastián)'!$B$13:$B$60=D41)*(RIGHT('Juan Montalvo (San Sebastián)'!$A$13:$A$60,1)="M")*VALUE("0"&SUBSTITUTE(SUBSTITUTE(UPPER('Juan Montalvo (San Sebastián)'!$A$13:$A$60),"F",""),"M",""))^2)=1230),"✔ Verificado","✖ Revisar"),"✖ Revisar") -> ✖ Revisar
A42: Juan Montalvo (San Sebastián) | B42: — | C42: 6459 | D42: SINDICATO DE CHOFERES DE COTOPAXI | E42: 2488 | F42: =SUMIFS('Juan Montalvo (San Sebastián)'!$E$5:$E$9,'Juan Montalvo (San Sebastián)'!$B$5:$B$9,D42) -> 2488 | G42: 4 | H42: =COUNTIFS('Juan Montalvo (San Sebastián)'!$B$13:$B$60,D42,'Juan Montalvo (San Sebastián)'!$A$13:$A$60,"*F") -> 4 | I42: 4 | J42: =COUNTIFS('Juan Montalvo (San Sebastián)'!$B$13:$B$60,D42,'Juan Montalvo (San Sebastián)'!$A$13:$A$60,"*M") -> 4 | K42: 22F – 25F | L42: =IFERROR(IF(H42=0,"—",(1000-SUMPRODUCT(MAX(('Juan Montalvo (San Sebastián)'!$B$13:$B$60=D42)*(RIGHT('Juan Montalvo (San Sebastián)'!$A$13:$A$60,1)="F")*(1000-VALUE("0"&SUBSTITUTE(SUBSTITUTE(UPPER('Juan Montalvo (San Sebastián)'!$A$13:$A$60),"F",""),"M",""))))))&"F – "&SUMPRODUCT(MAX(('Juan Montalvo (San Sebastián)'!$B$13:$B$60=D42)*(RIGHT('Juan Montalvo (San Sebastián)'!$A$13:$A$60,1)="F")*VALUE("0"&SUBSTITUTE(SUBSTITUTE(UPPER('Juan Montalvo (San Sebastián)'!$A$13:$A$60),"F",""),"M",""))))&"F"),"✖ error") -> 1000F – 0F | M42: 20M – 23M | N42: =IFERROR(IF(J42=0,"—",(1000-SUMPRODUCT(MAX(('Juan Montalvo (San Sebastián)'!$B$13:$B$60=D42)*(RIGHT('Juan Montalvo (San Sebastián)'!$A$13:$A$60,1)="M")*(1000-VALUE("0"&SUBSTITUTE(SUBSTITUTE(UPPER('Juan Montalvo (San Sebastián)'!$A$13:$A$60),"F",""),"M",""))))))&"M – "&SUMPRODUCT(MAX(('Juan Montalvo (San Sebastián)'!$B$13:$B$60=D42)*(RIGHT('Juan Montalvo (San Sebastián)'!$A$13:$A$60,1)="M")*VALUE("0"&SUBSTITUTE(SUBSTITUTE(UPPER('Juan Montalvo (San Sebastián)'!$A$13:$A$60),"F",""),"M",""))))&"M"),"✖ error") -> 13M – 13M | O42: 8 | P42: =IFERROR(IF(AND(E42=F42,G42=H42,I42=J42,K42=L42,M42=N42,SUMPRODUCT(('Juan Montalvo (San Sebastián)'!$B$13:$B$60=D42)*(RIGHT('Juan Montalvo (San Sebastián)'!$A$13:$A$60,1)="F"))=4,SUMPRODUCT(('Juan Montalvo (San Sebastián)'!$B$13:$B$60=D42)*(RIGHT('Juan Montalvo (San Sebastián)'!$A$13:$A$60,1)="F")*VALUE("0"&SUBSTITUTE(SUBSTITUTE(UPPER('Juan Montalvo (San Sebastián)'!$A$13:$A$60),"F",""),"M","")))=94,SUMPRODUCT(('Juan Montalvo (San Sebastián)'!$B$13:$B$60=D42)*(RIGHT('Juan Montalvo (San Sebastián)'!$A$13:$A$60,1)="F")*VALUE("0"&SUBSTITUTE(SUBSTITUTE(UPPER('Juan Montalvo (San Sebastián)'!$A$13:$A$60),"F",""),"M",""))^2)=2214,SUMPRODUCT(('Juan Montalvo (San Sebastián)'!$B$13:$B$60=D42)*(RIGHT('Juan Montalvo (San Sebastián)'!$A$13:$A$60,1)="M"))=4,SUMPRODUCT(('Juan Montalvo (San Sebastián)'!$B$13:$B$60=D42)*(RIGHT('Juan Montalvo (San Sebastián)'!$A$13:$A$60,1)="M")*VALUE("0"&SUBSTITUTE(SUBSTITUTE(UPPER('Juan Montalvo (San Sebastián)'!$A$13:$A$60),"F",""),"M","")))=86,SUMPRODUCT(('Juan Montalvo (San Sebastián)'!$B$13:$B$60=D42)*(RIGHT('Juan Montalvo (San Sebastián)'!$A$13:$A$60,1)="M")*VALUE("0"&SUBSTITUTE(SUBSTITUTE(UPPER('Juan Montalvo (San Sebastián)'!$A$13:$A$60),"F",""),"M",""))^2)=1854),"✔ Verificado","✖ Revisar"),"✖ Revisar") -> ✖ Revisar
A43: La Matriz | B43: — | C43: 6323 | D43: U.E. LA INMACULADA | E43: 2800 | F43: =SUMIFS('La Matriz'!$E$5:$E$12,'La Matriz'!$B$5:$B$12,D43) -> 2800 | G43: 4 | H43: =COUNTIFS('La Matriz'!$B$16:$B$91,D43,'La Matriz'!$A$16:$A$91,"*F") -> 4 | I43: 4 | J43: =COUNTIFS('La Matriz'!$B$16:$B$91,D43,'La Matriz'!$A$16:$A$91,"*M") -> 4 | K43: 1F – 4F | L43: =IFERROR(IF(H43=0,"—",(1000-SUMPRODUCT(MAX(('La Matriz'!$B$16:$B$91=D43)*(RIGHT('La Matriz'!$A$16:$A$91,1)="F")*(1000-VALUE("0"&SUBSTITUTE(SUBSTITUTE(UPPER('La Matriz'!$A$16:$A$91),"F",""),"M",""))))))&"F – "&SUMPRODUCT(MAX(('La Matriz'!$B$16:$B$91=D43)*(RIGHT('La Matriz'!$A$16:$A$91,1)="F")*VALUE("0"&SUBSTITUTE(SUBSTITUTE(UPPER('La Matriz'!$A$16:$A$91),"F",""),"M",""))))&"F"),"✖ error") -> 16F – 16F | M43: 1M – 4M | N43: =IFERROR(IF(J43=0,"—",(1000-SUMPRODUCT(MAX(('La Matriz'!$B$16:$B$91=D43)*(RIGHT('La Matriz'!$A$16:$A$91,1)="M")*(1000-VALUE("0"&SUBSTITUTE(SUBSTITUTE(UPPER('La Matriz'!$A$16:$A$91),"F",""),"M",""))))))&"M – "&SUMPRODUCT(MAX(('La Matriz'!$B$16:$B$91=D43)*(RIGHT('La Matriz'!$A$16:$A$91,1)="M")*VALUE("0"&SUBSTITUTE(SUBSTITUTE(UPPER('La Matriz'!$A$16:$A$91),"F",""),"M",""))))&"M"),"✖ error") -> 1000M – 0M | O43: 8 | P43: =IFERROR(IF(AND(E43=F43,G43=H43,I43=J43,K43=L43,M43=N43,SUMPRODUCT(('La Matriz'!$B$16:$B$91=D43)*(RIGHT('La Matriz'!$A$16:$A$91,1)="F"))=4,SUMPRODUCT(('La Matriz'!$B$16:$B$91=D43)*(RIGHT('La Matriz'!$A$16:$A$91,1)="F")*VALUE("0"&SUBSTITUTE(SUBSTITUTE(UPPER('La Matriz'!$A$16:$A$91),"F",""),"M","")))=10,SUMPRODUCT(('La Matriz'!$B$16:$B$91=D43)*(RIGHT('La Matriz'!$A$16:$A$91,1)="F")*VALUE("0"&SUBSTITUTE(SUBSTITUTE(UPPER('La Matriz'!$A$16:$A$91),"F",""),"M",""))^2)=30,SUMPRODUCT(('La Matriz'!$B$16:$B$91=D43)*(RIGHT('La Matriz'!$A$16:$A$91,1)="M"))=4,SUMPRODUCT(('La Matriz'!$B$16:$B$91=D43)*(RIGHT('La Matriz'!$A$16:$A$91,1)="M")*VALUE("0"&SUBSTITUTE(SUBSTITUTE(UPPER('La Matriz'!$A$16:$A$91),"F",""),"M","")))=10,SUMPRODUCT(('La Matriz'!$B$16:$B$91=D43)*(RIGHT('La Matriz'!$A$16:$A$91,1)="M")*VALUE("0"&SUBSTITUTE(SUBSTITUTE(UPPER('La Matriz'!$A$16:$A$91),"F",""),"M",""))^2)=30),"✔ Verificado","✖ Revisar"),"✖ Revisar") -> ✖ Revisar
A44: La Matriz | B44: — | C44: 1581 | D44: U.E. PCEI VICENTE LEÓN Y ARGUELLES / COL. VICENTE LEON DEL CENTRO | E44: 2800 | F44: =SUMIFS('La Matriz'!$E$5:$E$12,'La Matriz'!$B$5:$B$12,D44) -> 2800 | G44: 4 | H44: =COUNTIFS('La Matriz'!$B$16:$B$91,D44,'La Matriz'!$A$16:$A$91,"*F") -> 4 | I44: 4 | J44: =COUNTIFS('La Matriz'!$B$16:$B$91,D44,'La Matriz'!$A$16:$A$91,"*M") -> 4 | K44: 5F – 8F | L44: =IFERROR(IF(H44=0,"—",(1000-SUMPRODUCT(MAX(('La Matriz'!$B$16:$B$91=D44)*(RIGHT('La Matriz'!$A$16:$A$91,1)="F")*(1000-VALUE("0"&SUBSTITUTE(SUBSTITUTE(UPPER('La Matriz'!$A$16:$A$91),"F",""),"M",""))))))&"F – "&SUMPRODUCT(MAX(('La Matriz'!$B$16:$B$91=D44)*(RIGHT('La Matriz'!$A$16:$A$91,1)="F")*VALUE("0"&SUBSTITUTE(SUBSTITUTE(UPPER('La Matriz'!$A$16:$A$91),"F",""),"M",""))))&"F"),"✖ error") -> 17F – 17F | M44: 5M – 8M | N44: =IFERROR(IF(J44=0,"—",(1000-SUMPRODUCT(MAX(('La Matriz'!$B$16:$B$91=D44)*(RIGHT('La Matriz'!$A$16:$A$91,1)="M")*(1000-VALUE("0"&SUBSTITUTE(SUBSTITUTE(UPPER('La Matriz'!$A$16:$A$91),"F",""),"M",""))))))&"M – "&SUMPRODUCT(MAX(('La Matriz'!$B$16:$B$91=D44)*(RIGHT('La Matriz'!$A$16:$A$91,1)="M")*VALUE("0"&SUBSTITUTE(SUBSTITUTE(UPPER('La Matriz'!$A$16:$A$91),"F",""),"M",""))))&"M"),"✖ error") -> 1000M – 0M | O44: 8 | P44: =IFERROR(IF(AND(E44=F44,G44=H44,I44=J44,K44=L44,M44=N44,SUMPRODUCT(('La Matriz'!$B$16:$B$91=D44)*(RIGHT('La Matriz'!$A$16:$A$91,1)="F"))=4,SUMPRODUCT(('La Matriz'!$B$16:$B$91=D44)*(RIGHT('La Matriz'!$A$16:$A$91,1)="F")*VALUE("0"&SUBSTITUTE(SUBSTITUTE(UPPER('La Matriz'!$A$16:$A$91),"F",""),"M","")))=26,SUMPRODUCT(('La Matriz'!$B$16:$B$91=D44)*(RIGHT('La Matriz'!$A$16:$A$91,1)="F")*VALUE("0"&SUBSTITUTE(SUBSTITUTE(UPPER('La Matriz'!$A$16:$A$91),"F",""),"M",""))^2)=174,SUMPRODUCT(('La Matriz'!$B$16:$B$91=D44)*(RIGHT('La Matriz'!$A$16:$A$91,1)="M"))=4,SUMPRODUCT(('La Matriz'!$B$16:$B$91=D44)*(RIGHT('La Matriz'!$A$16:$A$91,1)="M")*VALUE("0"&SUBSTITUTE(SUBSTITUTE(UPPER('La Matriz'!$A$16:$A$91),"F",""),"M","")))=26,SUMPRODUCT(('La Matriz'!$B$16:$B$91=D44)*(RIGHT('La Matriz'!$A$16:$A$91,1)="M")*VALUE("0"&SUBSTITUTE(SUBSTITUTE(UPPER('La Matriz'!$A$16:$A$91),"F",""),"M",""))^2)=174),"✔ Verificado","✖ Revisar"),"✖ Revisar") -> ✖ Revisar
A45: La Matriz | B45: — | C45: 1582 | D45: U.E. PARTICULAR SAN JOSE LA SALLE | E45: 2800 | F45: =SUMIFS('La Matriz'!$E$5:$E$12,'La Matriz'!$B$5:$B$12,D45) -> 2800 | G45: 4 | H45: =COUNTIFS('La Matriz'!$B$16:$B$91,D45,'La Matriz'!$A$16:$A$91,"*F") -> 4 | I45: 4 | J45: =COUNTIFS('La Matriz'!$B$16:$B$91,D45,'La Matriz'!$A$16:$A$91,"*M") -> 4 | K45: 9F – 12F | L45: =IFERROR(IF(H45=0,"—",(1000-SUMPRODUCT(MAX(('La Matriz'!$B$16:$B$91=D45)*(RIGHT('La Matriz'!$A$16:$A$91,1)="F")*(1000-VALUE("0"&SUBSTITUTE(SUBSTITUTE(UPPER('La Matriz'!$A$16:$A$91),"F",""),"M",""))))))&"F – "&SUMPRODUCT(MAX(('La Matriz'!$B$16:$B$91=D45)*(RIGHT('La Matriz'!$A$16:$A$91,1)="F")*VALUE("0"&SUBSTITUTE(SUBSTITUTE(UPPER('La Matriz'!$A$16:$A$91),"F",""),"M",""))))&"F"),"✖ error") -> 18F – 18F | M45: 9M – 12M | N45: =IFERROR(IF(J45=0,"—",(1000-SUMPRODUCT(MAX(('La Matriz'!$B$16:$B$91=D45)*(RIGHT('La Matriz'!$A$16:$A$91,1)="M")*(1000-VALUE("0"&SUBSTITUTE(SUBSTITUTE(UPPER('La Matriz'!$A$16:$A$91),"F",""),"M",""))))))&"M – "&SUMPRODUCT(MAX(('La Matriz'!$B$16:$B$91=D45)*(RIGHT('La Matriz'!$A$16:$A$91,1)="M")*VALUE("0"&SUBSTITUTE(SUBSTITUTE(UPPER('La Matriz'!$A$16:$A$91),"F",""),"M",""))))&"M"),"✖ error") -> 1000M – 0M | O45: 8 | P45: =IFERROR(IF(AND(E45=F45,G45=H45,I45=J45,K45=L45,M45=N45,SUMPRODUCT(('La Matriz'!$B$16:$B$91=D45)*(RIGHT('La Matriz'!$A$16:$A$91,1)="F"))=4,SUMPRODUCT(('La Matriz'!$B$16:$B$91=D45)*(RIGHT('La Matriz'!$A$16:$A$91,1)="F")*VALUE("0"&SUBSTITUTE(SUBSTITUTE(UPPER('La Matriz'!$A$16:$A$91),"F",""),"M","")))=42,SUMPRODUCT(('La Matriz'!$B$16:$B$91=D45)*(RIGHT('La Matriz'!$A$16:$A$91,1)="F")*VALUE("0"&SUBSTITUTE(SUBSTITUTE(UPPER('La Matriz'!$A$16:$A$91),"F",""),"M",""))^2)=446,SUMPRODUCT(('La Matriz'!$B$16:$B$91=D45)*(RIGHT('La Matriz'!$A$16:$A$91,1)="M"))=4,SUMPRODUCT(('La Matriz'!$B$16:$B$91=D45)*(RIGHT('La Matriz'!$A$16:$A$91,1)="M")*VALUE("0"&SUBSTITUTE(SUBSTITUTE(UPPER('La Matriz'!$A$16:$A$91),"F",""),"M","")))=42,SUMPRODUCT(('La Matriz'!$B$16:$B$91=D45)*(RIGHT('La Matriz'!$A$16:$A$91,1)="M")*VALUE("0"&SUBSTITUTE(SUBSTITUTE(UPPER('La Matriz'!$A$16:$A$91),"F",""),"M",""))^2)=446),"✔ Verificado","✖ Revisar"),"✖ Revisar") -> ✖ Revisar
A46: La Matriz | B46: — | C46: 1584 | D46: U.E. VICTORIA VASCONEZ CUVI | E46: 4200 | F46: =SUMIFS('La Matriz'!$E$5:$E$12,'La Matriz'!$B$5:$B$12,D46) -> 4200 | G46: 6 | H46: =COUNTIFS('La Matriz'!$B$16:$B$91,D46,'La Matriz'!$A$16:$A$91,"*F") -> 6 | I46: 6 | J46: =COUNTIFS('La Matriz'!$B$16:$B$91,D46,'La Matriz'!$A$16:$A$91,"*M") -> 6 | K46: 13F – 18F | L46: =IFERROR(IF(H46=0,"—",(1000-SUMPRODUCT(MAX(('La Matriz'!$B$16:$B$91=D46)*(RIGHT('La Matriz'!$A$16:$A$91,1)="F")*(1000-VALUE("0"&SUBSTITUTE(SUBSTITUTE(UPPER('La Matriz'!$A$16:$A$91),"F",""),"M",""))))))&"F – "&SUMPRODUCT(MAX(('La Matriz'!$B$16:$B$91=D46)*(RIGHT('La Matriz'!$A$16:$A$91,1)="F")*VALUE("0"&SUBSTITUTE(SUBSTITUTE(UPPER('La Matriz'!$A$16:$A$91),"F",""),"M",""))))&"F"),"✖ error") -> 1000F – 0F | M46: 13M – 18M | N46: =IFERROR(IF(J46=0,"—",(1000-SUMPRODUCT(MAX(('La Matriz'!$B$16:$B$91=D46)*(RIGHT('La Matriz'!$A$16:$A$91,1)="M")*(1000-VALUE("0"&SUBSTITUTE(SUBSTITUTE(UPPER('La Matriz'!$A$16:$A$91),"F",""),"M",""))))))&"M – "&SUMPRODUCT(MAX(('La Matriz'!$B$16:$B$91=D46)*(RIGHT('La Matriz'!$A$16:$A$91,1)="M")*VALUE("0"&SUBSTITUTE(SUBSTITUTE(UPPER('La Matriz'!$A$16:$A$91),"F",""),"M",""))))&"M"),"✖ error") -> 13M – 13M | O46: 12 | P46: =IFERROR(IF(AND(E46=F46,G46=H46,I46=J46,K46=L46,M46=N46,SUMPRODUCT(('La Matriz'!$B$16:$B$91=D46)*(RIGHT('La Matriz'!$A$16:$A$91,1)="F"))=6,SUMPRODUCT(('La Matriz'!$B$16:$B$91=D46)*(RIGHT('La Matriz'!$A$16:$A$91,1)="F")*VALUE("0"&SUBSTITUTE(SUBSTITUTE(UPPER('La Matriz'!$A$16:$A$91),"F",""),"M","")))=93,SUMPRODUCT(('La Matriz'!$B$16:$B$91=D46)*(RIGHT('La Matriz'!$A$16:$A$91,1)="F")*VALUE("0"&SUBSTITUTE(SUBSTITUTE(UPPER('La Matriz'!$A$16:$A$91),"F",""),"M",""))^2)=1459,SUMPRODUCT(('La Matriz'!$B$16:$B$91=D46)*(RIGHT('La Matriz'!$A$16:$A$91,1)="M"))=6,SUMPRODUCT(('La Matriz'!$B$16:$B$91=D46)*(RIGHT('La Matriz'!$A$16:$A$91,1)="M")*VALUE("0"&SUBSTITUTE(SUBSTITUTE(UPPER('La Matriz'!$A$16:$A$91),"F",""),"M","")))=93,SUMPRODUCT(('La Matriz'!$B$16:$B$91=D46)*(RIGHT('La Matriz'!$A$16:$A$91,1)="M")*VALUE("0"&SUBSTITUTE(SUBSTITUTE(UPPER('La Matriz'!$A$16:$A$91),"F",""),"M",""))^2)=1459),"✔ Verificado","✖ Revisar"),"✖ Revisar") -> ✖ Revisar
A47: La Matriz | B47: — | C47: 1804 | D47: U. E. ISIDRO AYORA | E47: 2800 | F47: =SUMIFS('La Matriz'!$E$5:$E$12,'La Matriz'!$B$5:$B$12,D47) -> 2800 | G47: 4 | H47: =COUNTIFS('La Matriz'!$B$16:$B$91,D47,'La Matriz'!$A$16:$A$91,"*F") -> 4 | I47: 4 | J47: =COUNTIFS('La Matriz'!$B$16:$B$91,D47,'La Matriz'!$A$16:$A$91,"*M") -> 4 | K47: 19F – 22F | L47: =IFERROR(IF(H47=0,"—",(1000-SUMPRODUCT(MAX(('La Matriz'!$B$16:$B$91=D47)*(RIGHT('La Matriz'!$A$16:$A$91,1)="F")*(1000-VALUE("0"&SUBSTITUTE(SUBSTITUTE(UPPER('La Matriz'!$A$16:$A$91),"F",""),"M",""))))))&"F – "&SUMPRODUCT(MAX(('La Matriz'!$B$16:$B$91=D47)*(RIGHT('La Matriz'!$A$16:$A$91,1)="F")*VALUE("0"&SUBSTITUTE(SUBSTITUTE(UPPER('La Matriz'!$A$16:$A$91),"F",""),"M",""))))&"F"),"✖ error") -> 1000F – 0F | M47: 19M – 22M | N47: =IFERROR(IF(J47=0,"—",(1000-SUMPRODUCT(MAX(('La Matriz'!$B$16:$B$91=D47)*(RIGHT('La Matriz'!$A$16:$A$91,1)="M")*(1000-VALUE("0"&SUBSTITUTE(SUBSTITUTE(UPPER('La Matriz'!$A$16:$A$91),"F",""),"M",""))))))&"M – "&SUMPRODUCT(MAX(('La Matriz'!$B$16:$B$91=D47)*(RIGHT('La Matriz'!$A$16:$A$91,1)="M")*VALUE("0"&SUBSTITUTE(SUBSTITUTE(UPPER('La Matriz'!$A$16:$A$91),"F",""),"M",""))))&"M"),"✖ error") -> 14M – 14M | O47: 8 | P47: =IFERROR(IF(AND(E47=F47,G47=H47,I47=J47,K47=L47,M47=N47,SUMPRODUCT(('La Matriz'!$B$16:$B$91=D47)*(RIGHT('La Matriz'!$A$16:$A$91,1)="F"))=4,SUMPRODUCT(('La Matriz'!$B$16:$B$91=D47)*(RIGHT('La Matriz'!$A$16:$A$91,1)="F")*VALUE("0"&SUBSTITUTE(SUBSTITUTE(UPPER('La Matriz'!$A$16:$A$91),"F",""),"M","")))=82,SUMPRODUCT(('La Matriz'!$B$16:$B$91=D47)*(RIGHT('La Matriz'!$A$16:$A$91,1)="F")*VALUE("0"&SUBSTITUTE(SUBSTITUTE(UPPER('La Matriz'!$A$16:$A$91),"F",""),"M",""))^2)=1686,SUMPRODUCT(('La Matriz'!$B$16:$B$91=D47)*(RIGHT('La Matriz'!$A$16:$A$91,1)="M"))=4,SUMPRODUCT(('La Matriz'!$B$16:$B$91=D47)*(RIGHT('La Matriz'!$A$16:$A$91,1)="M")*VALUE("0"&SUBSTITUTE(SUBSTITUTE(UPPER('La Matriz'!$A$16:$A$91),"F",""),"M","")))=82,SUMPRODUCT(('La Matriz'!$B$16:$B$91=D47)*(RIGHT('La Matriz'!$A$16:$A$91,1)="M")*VALUE("0"&SUBSTITUTE(SUBSTITUTE(UPPER('La Matriz'!$A$16:$A$91),"F",""),"M",""))^2)=1686),"✔ Verificado","✖ Revisar"),"✖ Revisar") -> ✖ Revisar
A48: La Matriz | B48: — | C48: 6324 | D48: U.E. PRIMERO DE ABRIL | E48: 2800 | F48: =SUMIFS('La Matriz'!$E$5:$E$12,'La Matriz'!$B$5:$B$12,D48) -> 2800 | G48: 4 | H48: =COUNTIFS('La Matriz'!$B$16:$B$91,D48,'La Matriz'!$A$16:$A$91,"*F") -> 4 | I48: 4 | J48: =COUNTIFS('La Matriz'!$B$16:$B$91,D48,'La Matriz'!$A$16:$A$91,"*M") -> 4 | K48: 23F – 26F | L48: =IFERROR(IF(H48=0,"—",(1000-SUMPRODUCT(MAX(('La Matriz'!$B$16:$B$91=D48)*(RIGHT('La Matriz'!$A$16:$A$91,1)="F")*(1000-VALUE("0"&SUBSTITUTE(SUBSTITUTE(UPPER('La Matriz'!$A$16:$A$91),"F",""),"M",""))))))&"F – "&SUMPRODUCT(MAX(('La Matriz'!$B$16:$B$91=D48)*(RIGHT('La Matriz'!$A$16:$A$91,1)="F")*VALUE("0"&SUBSTITUTE(SUBSTITUTE(UPPER('La Matriz'!$A$16:$A$91),"F",""),"M",""))))&"F"),"✖ error") -> 1000F – 0F | M48: 23M – 26M | N48: =IFERROR(IF(J48=0,"—",(1000-SUMPRODUCT(MAX(('La Matriz'!$B$16:$B$91=D48)*(RIGHT('La Matriz'!$A$16:$A$91,1)="M")*(1000-VALUE("0"&SUBSTITUTE(SUBSTITUTE(UPPER('La Matriz'!$A$16:$A$91),"F",""),"M",""))))))&"M – "&SUMPRODUCT(MAX(('La Matriz'!$B$16:$B$91=D48)*(RIGHT('La Matriz'!$A$16:$A$91,1)="M")*VALUE("0"&SUBSTITUTE(SUBSTITUTE(UPPER('La Matriz'!$A$16:$A$91),"F",""),"M",""))))&"M"),"✖ error") -> 15M – 15M | O48: 8 | P48: =IFERROR(IF(AND(E48=F48,G48=H48,I48=J48,K48=L48,M48=N48,SUMPRODUCT(('La Matriz'!$B$16:$B$91=D48)*(RIGHT('La Matriz'!$A$16:$A$91,1)="F"))=4,SUMPRODUCT(('La Matriz'!$B$16:$B$91=D48)*(RIGHT('La Matriz'!$A$16:$A$91,1)="F")*VALUE("0"&SUBSTITUTE(SUBSTITUTE(UPPER('La Matriz'!$A$16:$A$91),"F",""),"M","")))=98,SUMPRODUCT(('La Matriz'!$B$16:$B$91=D48)*(RIGHT('La Matriz'!$A$16:$A$91,1)="F")*VALUE("0"&SUBSTITUTE(SUBSTITUTE(UPPER('La Matriz'!$A$16:$A$91),"F",""),"M",""))^2)=2406,SUMPRODUCT(('La Matriz'!$B$16:$B$91=D48)*(RIGHT('La Matriz'!$A$16:$A$91,1)="M"))=4,SUMPRODUCT(('La Matriz'!$B$16:$B$91=D48)*(RIGHT('La Matriz'!$A$16:$A$91,1)="M")*VALUE("0"&SUBSTITUTE(SUBSTITUTE(UPPER('La Matriz'!$A$16:$A$91),"F",""),"M","")))=98,SUMPRODUCT(('La Matriz'!$B$16:$B$91=D48)*(RIGHT('La Matriz'!$A$16:$A$91,1)="M")*VALUE("0"&SUBSTITUTE(SUBSTITUTE(UPPER('La Matriz'!$A$16:$A$91),"F",""),"M",""))^2)=2406),"✔ Verificado","✖ Revisar"),"✖ Revisar") -> ✖ Revisar
A49: La Matriz | B49: — | C49: 1583 | D49: U.E. VICTORIA VASCONEZ CUVI / ELVIRA ORTEGA - SUR | E49: 5600 | F49: =SUMIFS('La Matriz'!$E$5:$E$12,'La Matriz'!$B$5:$B$12,D49) -> 5600 | G49: 8 | H49: =COUNTIFS('La Matriz'!$B$16:$B$91,D49,'La Matriz'!$A$16:$A$91,"*F") -> 8 | I49: 8 | J49: =COUNTIFS('La Matriz'!$B$16:$B$91,D49,'La Matriz'!$A$16:$A$91,"*M") -> 8 | K49: 27F – 34F | L49: =IFERROR(IF(H49=0,"—",(1000-SUMPRODUCT(MAX(('La Matriz'!$B$16:$B$91=D49)*(RIGHT('La Matriz'!$A$16:$A$91,1)="F")*(1000-VALUE("0"&SUBSTITUTE(SUBSTITUTE(UPPER('La Matriz'!$A$16:$A$91),"F",""),"M",""))))))&"F – "&SUMPRODUCT(MAX(('La Matriz'!$B$16:$B$91=D49)*(RIGHT('La Matriz'!$A$16:$A$91,1)="F")*VALUE("0"&SUBSTITUTE(SUBSTITUTE(UPPER('La Matriz'!$A$16:$A$91),"F",""),"M",""))))&"F"),"✖ error") -> 1000F – 0F | M49: 27M – 34M | N49: =IFERROR(IF(J49=0,"—",(1000-SUMPRODUCT(MAX(('La Matriz'!$B$16:$B$91=D49)*(RIGHT('La Matriz'!$A$16:$A$91,1)="M")*(1000-VALUE("0"&SUBSTITUTE(SUBSTITUTE(UPPER('La Matriz'!$A$16:$A$91),"F",""),"M",""))))))&"M – "&SUMPRODUCT(MAX(('La Matriz'!$B$16:$B$91=D49)*(RIGHT('La Matriz'!$A$16:$A$91,1)="M")*VALUE("0"&SUBSTITUTE(SUBSTITUTE(UPPER('La Matriz'!$A$16:$A$91),"F",""),"M",""))))&"M"),"✖ error") -> 16M – 16M | O49: 16 | P49: =IFERROR(IF(AND(E49=F49,G49=H49,I49=J49,K49=L49,M49=N49,SUMPRODUCT(('La Matriz'!$B$16:$B$91=D49)*(RIGHT('La Matriz'!$A$16:$A$91,1)="F"))=8,SUMPRODUCT(('La Matriz'!$B$16:$B$91=D49)*(RIGHT('La Matriz'!$A$16:$A$91,1)="F")*VALUE("0"&SUBSTITUTE(SUBSTITUTE(UPPER('La Matriz'!$A$16:$A$91),"F",""),"M","")))=244,SUMPRODUCT(('La Matriz'!$B$16:$B$91=D49)*(RIGHT('La Matriz'!$A$16:$A$91,1)="F")*VALUE("0"&SUBSTITUTE(SUBSTITUTE(UPPER('La Matriz'!$A$16:$A$91),"F",""),"M",""))^2)=7484,SUMPRODUCT(('La Matriz'!$B$16:$B$91=D49)*(RIGHT('La Matriz'!$A$16:$A$91,1)="M"))=8,SUMPRODUCT(('La Matriz'!$B$16:$B$91=D49)*(RIGHT('La Matriz'!$A$16:$A$91,1)="M")*VALUE("0"&SUBSTITUTE(SUBSTITUTE(UPPER('La Matriz'!$A$16:$A$91),"F",""),"M","")))=244,SUMPRODUCT(('La Matriz'!$B$16:$B$91=D49)*(RIGHT('La Matriz'!$A$16:$A$91,1)="M")*VALUE("0"&SUBSTITUTE(SUBSTITUTE(UPPER('La Matriz'!$A$16:$A$91),"F",""),"M",""))^2)=7484),"✔ Verificado","✖ Revisar"),"✖ Revisar") -> ✖ Revisar
A50: La Matriz | B50: — | C50: 6334 | D50: U.E. VASCONEZ CUVI / SIMON BOLIVAR BLOQUE NORTE | E50: 2811 | F50: =SUMIFS('La Matriz'!$E$5:$E$12,'La Matriz'!$B$5:$B$12,D50) -> 2811 | G50: 6 | H50: =COUNTIFS('La Matriz'!$B$16:$B$91,D50,'La Matriz'!$A$16:$A$91,"*F") -> 6 | I50: 2 | J50: =COUNTIFS('La Matriz'!$B$16:$B$91,D50,'La Matriz'!$A$16:$A$91,"*M") -> 2 | K50: 35F – 40F | L50: =IFERROR(IF(H50=0,"—",(1000-SUMPRODUCT(MAX(('La Matriz'!$B$16:$B$91=D50)*(RIGHT('La Matriz'!$A$16:$A$91,1)="F")*(1000-VALUE("0"&SUBSTITUTE(SUBSTITUTE(UPPER('La Matriz'!$A$16:$A$91),"F",""),"M",""))))))&"F – "&SUMPRODUCT(MAX(('La Matriz'!$B$16:$B$91=D50)*(RIGHT('La Matriz'!$A$16:$A$91,1)="F")*VALUE("0"&SUBSTITUTE(SUBSTITUTE(UPPER('La Matriz'!$A$16:$A$91),"F",""),"M",""))))&"F"),"✖ error") -> 1000F – 0F | M50: 35M – 36M | N50: =IFERROR(IF(J50=0,"—",(1000-SUMPRODUCT(MAX(('La Matriz'!$B$16:$B$91=D50)*(RIGHT('La Matriz'!$A$16:$A$91,1)="M")*(1000-VALUE("0"&SUBSTITUTE(SUBSTITUTE(UPPER('La Matriz'!$A$16:$A$91),"F",""),"M",""))))))&"M – "&SUMPRODUCT(MAX(('La Matriz'!$B$16:$B$91=D50)*(RIGHT('La Matriz'!$A$16:$A$91,1)="M")*VALUE("0"&SUBSTITUTE(SUBSTITUTE(UPPER('La Matriz'!$A$16:$A$91),"F",""),"M",""))))&"M"),"✖ error") -> 17M – 17M | O50: 8 | P50: =IFERROR(IF(AND(E50=F50,G50=H50,I50=J50,K50=L50,M50=N50,SUMPRODUCT(('La Matriz'!$B$16:$B$91=D50)*(RIGHT('La Matriz'!$A$16:$A$91,1)="F"))=6,SUMPRODUCT(('La Matriz'!$B$16:$B$91=D50)*(RIGHT('La Matriz'!$A$16:$A$91,1)="F")*VALUE("0"&SUBSTITUTE(SUBSTITUTE(UPPER('La Matriz'!$A$16:$A$91),"F",""),"M","")))=225,SUMPRODUCT(('La Matriz'!$B$16:$B$91=D50)*(RIGHT('La Matriz'!$A$16:$A$91,1)="F")*VALUE("0"&SUBSTITUTE(SUBSTITUTE(UPPER('La Matriz'!$A$16:$A$91),"F",""),"M",""))^2)=8455,SUMPRODUCT(('La Matriz'!$B$16:$B$91=D50)*(RIGHT('La Matriz'!$A$16:$A$91,1)="M"))=2,SUMPRODUCT(('La Matriz'!$B$16:$B$91=D50)*(RIGHT('La Matriz'!$A$16:$A$91,1)="M")*VALUE("0"&SUBSTITUTE(SUBSTITUTE(UPPER('La Matriz'!$A$16:$A$91),"F",""),"M","")))=71,SUMPRODUCT(('La Matriz'!$B$16:$B$91=D50)*(RIGHT('La Matriz'!$A$16:$A$91,1)="M")*VALUE("0"&SUBSTITUTE(SUBSTITUTE(UPPER('La Matriz'!$A$16:$A$91),"F",""),"M",""))^2)=2521),"✔ Verificado","✖ Revisar"),"✖ Revisar") -> ✖ Revisar
A51: San Buenaventura | B51: — | C51: 1774 | D51: ESC. DE EDUCACION BASICA NUMA POMPILIO LLONA | E51: 2450 | F51: =SUMIFS('San Buenaventura'!$E$5:$E$6,'San Buenaventura'!$B$5:$B$6,D51) -> 2450 | G51: 4 | H51: =COUNTIFS('San Buenaventura'!$B$10:$B$26,D51,'San Buenaventura'!$A$10:$A$26,"*F") -> 4 | I51: 3 | J51: =COUNTIFS('San Buenaventura'!$B$10:$B$26,D51,'San Buenaventura'!$A$10:$A$26,"*M") -> 3 | K51: 1F – 4F | L51: =IFERROR(IF(H51=0,"—",(1000-SUMPRODUCT(MAX(('San Buenaventura'!$B$10:$B$26=D51)*(RIGHT('San Buenaventura'!$A$10:$A$26,1)="F")*(1000-VALUE("0"&SUBSTITUTE(SUBSTITUTE(UPPER('San Buenaventura'!$A$10:$A$26),"F",""),"M",""))))))&"F – "&SUMPRODUCT(MAX(('San Buenaventura'!$B$10:$B$26=D51)*(RIGHT('San Buenaventura'!$A$10:$A$26,1)="F")*VALUE("0"&SUBSTITUTE(SUBSTITUTE(UPPER('San Buenaventura'!$A$10:$A$26),"F",""),"M",""))))&"F"),"✖ error") -> ✖ error | M51: 1M – 3M | N51: =IFERROR(IF(J51=0,"—",(1000-SUMPRODUCT(MAX(('San Buenaventura'!$B$10:$B$26=D51)*(RIGHT('San Buenaventura'!$A$10:$A$26,1)="M")*(1000-VALUE("0"&SUBSTITUTE(SUBSTITUTE(UPPER('San Buenaventura'!$A$10:$A$26),"F",""),"M",""))))))&"M – "&SUMPRODUCT(MAX(('San Buenaventura'!$B$10:$B$26=D51)*(RIGHT('San Buenaventura'!$A$10:$A$26,1)="M")*VALUE("0"&SUBSTITUTE(SUBSTITUTE(UPPER('San Buenaventura'!$A$10:$A$26),"F",""),"M",""))))&"M"),"✖ error") -> ✖ error | O51: 7 | P51: =IFERROR(IF(AND(E51=F51,G51=H51,I51=J51,K51=L51,M51=N51,SUMPRODUCT(('San Buenaventura'!$B$10:$B$26=D51)*(RIGHT('San Buenaventura'!$A$10:$A$26,1)="F"))=4,SUMPRODUCT(('San Buenaventura'!$B$10:$B$26=D51)*(RIGHT('San Buenaventura'!$A$10:$A$26,1)="F")*VALUE("0"&SUBSTITUTE(SUBSTITUTE(UPPER('San Buenaventura'!$A$10:$A$26),"F",""),"M","")))=10,SUMPRODUCT(('San Buenaventura'!$B$10:$B$26=D51)*(RIGHT('San Buenaventura'!$A$10:$A$26,1)="F")*VALUE("0"&SUBSTITUTE(SUBSTITUTE(UPPER('San Buenaventura'!$A$10:$A$26),"F",""),"M",""))^2)=30,SUMPRODUCT(('San Buenaventura'!$B$10:$B$26=D51)*(RIGHT('San Buenaventura'!$A$10:$A$26,1)="M"))=3,SUMPRODUCT(('San Buenaventura'!$B$10:$B$26=D51)*(RIGHT('San Buenaventura'!$A$10:$A$26,1)="M")*VALUE("0"&SUBSTITUTE(SUBSTITUTE(UPPER('San Buenaventura'!$A$10:$A$26),"F",""),"M","")))=6,SUMPRODUCT(('San Buenaventura'!$B$10:$B$26=D51)*(RIGHT('San Buenaventura'!$A$10:$A$26,1)="M")*VALUE("0"&SUBSTITUTE(SUBSTITUTE(UPPER('San Buenaventura'!$A$10:$A$26),"F",""),"M",""))^2)=14),"✔ Verificado","✖ Revisar"),"✖ Revisar") -> ✖ Revisar
A52: San Buenaventura | B52: — | C52: 7995 | D52: U.E. 14 DE JULIO - JUAN ABEL ECHEVERRIA | E52: 3393 | F52: =SUMIFS('San Buenaventura'!$E$5:$E$6,'San Buenaventura'!$B$5:$B$6,D52) -> 3393 | G52: 5 | H52: =COUNTIFS('San Buenaventura'!$B$10:$B$26,D52,'San Buenaventura'!$A$10:$A$26,"*F") -> 5 | I52: 5 | J52: =COUNTIFS('San Buenaventura'!$B$10:$B$26,D52,'San Buenaventura'!$A$10:$A$26,"*M") -> 5 | K52: 5F – 9F | L52: =IFERROR(IF(H52=0,"—",(1000-SUMPRODUCT(MAX(('San Buenaventura'!$B$10:$B$26=D52)*(RIGHT('San Buenaventura'!$A$10:$A$26,1)="F")*(1000-VALUE("0"&SUBSTITUTE(SUBSTITUTE(UPPER('San Buenaventura'!$A$10:$A$26),"F",""),"M",""))))))&"F – "&SUMPRODUCT(MAX(('San Buenaventura'!$B$10:$B$26=D52)*(RIGHT('San Buenaventura'!$A$10:$A$26,1)="F")*VALUE("0"&SUBSTITUTE(SUBSTITUTE(UPPER('San Buenaventura'!$A$10:$A$26),"F",""),"M",""))))&"F"),"✖ error") -> ✖ error | M52: 4M – 8M | N52: =IFERROR(IF(J52=0,"—",(1000-SUMPRODUCT(MAX(('San Buenaventura'!$B$10:$B$26=D52)*(RIGHT('San Buenaventura'!$A$10:$A$26,1)="M")*(1000-VALUE("0"&SUBSTITUTE(SUBSTITUTE(UPPER('San Buenaventura'!$A$10:$A$26),"F",""),"M",""))))))&"M – "&SUMPRODUCT(MAX(('San Buenaventura'!$B$10:$B$26=D52)*(RIGHT('San Buenaventura'!$A$10:$A$26,1)="M")*VALUE("0"&SUBSTITUTE(SUBSTITUTE(UPPER('San Buenaventura'!$A$10:$A$26),"F",""),"M",""))))&"M"),"✖ error") -> ✖ error | O52: 10 | P52: =IFERROR(IF(AND(E52=F52,G52=H52,I52=J52,K52=L52,M52=N52,SUMPRODUCT(('San Buenaventura'!$B$10:$B$26=D52)*(RIGHT('San Buenaventura'!$A$10:$A$26,1)="F"))=5,SUMPRODUCT(('San Buenaventura'!$B$10:$B$26=D52)*(RIGHT('San Buenaventura'!$A$10:$A$26,1)="F")*VALUE("0"&SUBSTITUTE(SUBSTITUTE(UPPER('San Buenaventura'!$A$10:$A$26),"F",""),"M","")))=35,SUMPRODUCT(('San Buenaventura'!$B$10:$B$26=D52)*(RIGHT('San Buenaventura'!$A$10:$A$26,1)="F")*VALUE("0"&SUBSTITUTE(SUBSTITUTE(UPPER('San Buenaventura'!$A$10:$A$26),"F",""),"M",""))^2)=255,SUMPRODUCT(('San Buenaventura'!$B$10:$B$26=D52)*(RIGHT('San Buenaventura'!$A$10:$A$26,1)="M"))=5,SUMPRODUCT(('San Buenaventura'!$B$10:$B$26=D52)*(RIGHT('San Buenaventura'!$A$10:$A$26,1)="M")*VALUE("0"&SUBSTITUTE(SUBSTITUTE(UPPER('San Buenaventura'!$A$10:$A$26),"F",""),"M","")))=30,SUMPRODUCT(('San Buenaventura'!$B$10:$B$26=D52)*(RIGHT('San Buenaventura'!$A$10:$A$26,1)="M")*VALUE("0"&SUBSTITUTE(SUBSTITUTE(UPPER('San Buenaventura'!$A$10:$A$26),"F",""),"M",""))^2)=190),"✔ Verificado","✖ Revisar"),"✖ Revisar") -> ✖ Revisar
A53: Aláquez | B53: — | C53: 1730 | D53: U.E. MANUEL GONZALO ALBAN RUMAZO / ESC. ABDON CALDERON | E53: 3500 | F53: =SUMIFS(Aláquez!$E$5:$E$6,Aláquez!$B$5:$B$6,D53) -> 3500 | G53: 5 | H53: =COUNTIFS(Aláquez!$B$10:$B$28,D53,Aláquez!$A$10:$A$28,"*F") -> 5 | I53: 5 | J53: =COUNTIFS(Aláquez!$B$10:$B$28,D53,Aláquez!$A$10:$A$28,"*M") -> 5 | K53: 1F – 5F | L53: =IFERROR(IF(H53=0,"—",(1000-SUMPRODUCT(MAX((Aláquez!$B$10:$B$28=D53)*(RIGHT(Aláquez!$A$10:$A$28,1)="F")*(1000-VALUE("0"&SUBSTITUTE(SUBSTITUTE(UPPER(Aláquez!$A$10:$A$28),"F",""),"M",""))))))&"F – "&SUMPRODUCT(MAX((Aláquez!$B$10:$B$28=D53)*(RIGHT(Aláquez!$A$10:$A$28,1)="F")*VALUE("0"&SUBSTITUTE(SUBSTITUTE(UPPER(Aláquez!$A$10:$A$28),"F",""),"M",""))))&"F"),"✖ error") -> ✖ error | M53: 1M – 5M | N53: =IFERROR(IF(J53=0,"—",(1000-SUMPRODUCT(MAX((Aláquez!$B$10:$B$28=D53)*(RIGHT(Aláquez!$A$10:$A$28,1)="M")*(1000-VALUE("0"&SUBSTITUTE(SUBSTITUTE(UPPER(Aláquez!$A$10:$A$28),"F",""),"M",""))))))&"M – "&SUMPRODUCT(MAX((Aláquez!$B$10:$B$28=D53)*(RIGHT(Aláquez!$A$10:$A$28,1)="M")*VALUE("0"&SUBSTITUTE(SUBSTITUTE(UPPER(Aláquez!$A$10:$A$28),"F",""),"M",""))))&"M"),"✖ error") -> ✖ error | O53: 10 | P53: =IFERROR(IF(AND(E53=F53,G53=H53,I53=J53,K53=L53,M53=N53,SUMPRODUCT((Aláquez!$B$10:$B$28=D53)*(RIGHT(Aláquez!$A$10:$A$28,1)="F"))=5,SUMPRODUCT((Aláquez!$B$10:$B$28=D53)*(RIGHT(Aláquez!$A$10:$A$28,1)="F")*VALUE("0"&SUBSTITUTE(SUBSTITUTE(UPPER(Aláquez!$A$10:$A$28),"F",""),"M","")))=15,SUMPRODUCT((Aláquez!$B$10:$B$28=D53)*(RIGHT(Aláquez!$A$10:$A$28,1)="F")*VALUE("0"&SUBSTITUTE(SUBSTITUTE(UPPER(Aláquez!$A$10:$A$28),"F",""),"M",""))^2)=55,SUMPRODUCT((Aláquez!$B$10:$B$28=D53)*(RIGHT(Aláquez!$A$10:$A$28,1)="M"))=5,SUMPRODUCT((Aláquez!$B$10:$B$28=D53)*(RIGHT(Aláquez!$A$10:$A$28,1)="M")*VALUE("0"&SUBSTITUTE(SUBSTITUTE(UPPER(Aláquez!$A$10:$A$28),"F",""),"M","")))=15,SUMPRODUCT((Aláquez!$B$10:$B$28=D53)*(RIGHT(Aláquez!$A$10:$A$28,1)="M")*VALUE("0"&SUBSTITUTE(SUBSTITUTE(UPPER(Aláquez!$A$10:$A$28),"F",""),"M",""))^2)=55),"✔ Verificado","✖ Revisar"),"✖ Revisar") -> ✖ Revisar
A54: Aláquez | B54: — | C54: 6252 | D54: U.E. MANUEL GONZALO ALBÁN RUMAZO - BLOQUE DOS | E54: 2968 | F54: =SUMIFS(Aláquez!$E$5:$E$6,Aláquez!$B$5:$B$6,D54) -> 2968 | G54: 5 | H54: =COUNTIFS(Aláquez!$B$10:$B$28,D54,Aláquez!$A$10:$A$28,"*F") -> 5 | I54: 4 | J54: =COUNTIFS(Aláquez!$B$10:$B$28,D54,Aláquez!$A$10:$A$28,"*M") -> 4 | K54: 6F – 10F | L54: =IFERROR(IF(H54=0,"—",(1000-SUMPRODUCT(MAX((Aláquez!$B$10:$B$28=D54)*(RIGHT(Aláquez!$A$10:$A$28,1)="F")*(1000-VALUE("0"&SUBSTITUTE(SUBSTITUTE(UPPER(Aláquez!$A$10:$A$28),"F",""),"M",""))))))&"F – "&SUMPRODUCT(MAX((Aláquez!$B$10:$B$28=D54)*(RIGHT(Aláquez!$A$10:$A$28,1)="F")*VALUE("0"&SUBSTITUTE(SUBSTITUTE(UPPER(Aláquez!$A$10:$A$28),"F",""),"M",""))))&"F"),"✖ error") -> ✖ error | M54: 6M – 9M | N54: =IFERROR(IF(J54=0,"—",(1000-SUMPRODUCT(MAX((Aláquez!$B$10:$B$28=D54)*(RIGHT(Aláquez!$A$10:$A$28,1)="M")*(1000-VALUE("0"&SUBSTITUTE(SUBSTITUTE(UPPER(Aláquez!$A$10:$A$28),"F",""),"M",""))))))&"M – "&SUMPRODUCT(MAX((Aláquez!$B$10:$B$28=D54)*(RIGHT(Aláquez!$A$10:$A$28,1)="M")*VALUE("0"&SUBSTITUTE(SUBSTITUTE(UPPER(Aláquez!$A$10:$A$28),"F",""),"M",""))))&"M"),"✖ error") -> ✖ error | O54: 9 | P54: =IFERROR(IF(AND(E54=F54,G54=H54,I54=J54,K54=L54,M54=N54,SUMPRODUCT((Aláquez!$B$10:$B$28=D54)*(RIGHT(Aláquez!$A$10:$A$28,1)="F"))=5,SUMPRODUCT((Aláquez!$B$10:$B$28=D54)*(RIGHT(Aláquez!$A$10:$A$28,1)="F")*VALUE("0"&SUBSTITUTE(SUBSTITUTE(UPPER(Aláquez!$A$10:$A$28),"F",""),"M","")))=40,SUMPRODUCT((Aláquez!$B$10:$B$28=D54)*(RIGHT(Aláquez!$A$10:$A$28,1)="F")*VALUE("0"&SUBSTITUTE(SUBSTITUTE(UPPER(Aláquez!$A$10:$A$28),"F",""),"M",""))^2)=330,SUMPRODUCT((Aláquez!$B$10:$B$28=D54)*(RIGHT(Aláquez!$A$10:$A$28,1)="M"))=4,SUMPRODUCT((Aláquez!$B$10:$B$28=D54)*(RIGHT(Aláquez!$A$10:$A$28,1)="M")*VALUE("0"&SUBSTITUTE(SUBSTITUTE(UPPER(Aláquez!$A$10:$A$28),"F",""),"M","")))=30,SUMPRODUCT((Aláquez!$B$10:$B$28=D54)*(RIGHT(Aláquez!$A$10:$A$28,1)="M")*VALUE("0"&SUBSTITUTE(SUBSTITUTE(UPPER(Aláquez!$A$10:$A$28),"F",""),"M",""))^2)=230),"✔ Verificado","✖ Revisar"),"✖ Revisar") -> ✖ Revisar
A55: Belisario Quevedo | B55: — | C55: 1558 | D55: U.E. BELISARIO QUEVEDO | E55: 2800 | F55: =SUMIFS('Belisario Quevedo'!$E$5:$E$6,'Belisario Quevedo'!$B$5:$B$6,D55) -> 2800 | G55: 4 | H55: =COUNTIFS('Belisario Quevedo'!$B$10:$B$24,D55,'Belisario Quevedo'!$A$10:$A$24,"*F") -> 4 | I55: 4 | J55: =COUNTIFS('Belisario Quevedo'!$B$10:$B$24,D55,'Belisario Quevedo'!$A$10:$A$24,"*M") -> 4 | K55: 1F – 4F | L55: =IFERROR(IF(H55=0,"—",(1000-SUMPRODUCT(MAX(('Belisario Quevedo'!$B$10:$B$24=D55)*(RIGHT('Belisario Quevedo'!$A$10:$A$24,1)="F")*(1000-VALUE("0"&SUBSTITUTE(SUBSTITUTE(UPPER('Belisario Quevedo'!$A$10:$A$24),"F",""),"M",""))))))&"F – "&SUMPRODUCT(MAX(('Belisario Quevedo'!$B$10:$B$24=D55)*(RIGHT('Belisario Quevedo'!$A$10:$A$24,1)="F")*VALUE("0"&SUBSTITUTE(SUBSTITUTE(UPPER('Belisario Quevedo'!$A$10:$A$24),"F",""),"M",""))))&"F"),"✖ error") -> ✖ error | M55: 1M – 4M | N55: =IFERROR(IF(J55=0,"—",(1000-SUMPRODUCT(MAX(('Belisario Quevedo'!$B$10:$B$24=D55)*(RIGHT('Belisario Quevedo'!$A$10:$A$24,1)="M")*(1000-VALUE("0"&SUBSTITUTE(SUBSTITUTE(UPPER('Belisario Quevedo'!$A$10:$A$24),"F",""),"M",""))))))&"M – "&SUMPRODUCT(MAX(('Belisario Quevedo'!$B$10:$B$24=D55)*(RIGHT('Belisario Quevedo'!$A$10:$A$24,1)="M")*VALUE("0"&SUBSTITUTE(SUBSTITUTE(UPPER('Belisario Quevedo'!$A$10:$A$24),"F",""),"M",""))))&"M"),"✖ error") -> ✖ error | O55: 8 | P55: =IFERROR(IF(AND(E55=F55,G55=H55,I55=J55,K55=L55,M55=N55,SUMPRODUCT(('Belisario Quevedo'!$B$10:$B$24=D55)*(RIGHT('Belisario Quevedo'!$A$10:$A$24,1)="F"))=4,SUMPRODUCT(('Belisario Quevedo'!$B$10:$B$24=D55)*(RIGHT('Belisario Quevedo'!$A$10:$A$24,1)="F")*VALUE("0"&SUBSTITUTE(SUBSTITUTE(UPPER('Belisario Quevedo'!$A$10:$A$24),"F",""),"M","")))=10,SUMPRODUCT(('Belisario Quevedo'!$B$10:$B$24=D55)*(RIGHT('Belisario Quevedo'!$A$10:$A$24,1)="F")*VALUE("0"&SUBSTITUTE(SUBSTITUTE(UPPER('Belisario Quevedo'!$A$10:$A$24),"F",""),"M",""))^2)=30,SUMPRODUCT(('Belisario Quevedo'!$B$10:$B$24=D55)*(RIGHT('Belisario Quevedo'!$A$10:$A$24,1)="M"))=4,SUMPRODUCT(('Belisario Quevedo'!$B$10:$B$24=D55)*(RIGHT('Belisario Quevedo'!$A$10:$A$24,1)="M")*VALUE("0"&SUBSTITUTE(SUBSTITUTE(UPPER('Belisario Quevedo'!$A$10:$A$24),"F",""),"M","")))=10,SUMPRODUCT(('Belisario Quevedo'!$B$10:$B$24=D55)*(RIGHT('Belisario Quevedo'!$A$10:$A$24,1)="M")*VALUE("0"&SUBSTITUTE(SUBSTITUTE(UPPER('Belisario Quevedo'!$A$10:$A$24),"F",""),"M",""))^2)=30),"✔ Verificado","✖ Revisar"),"✖ Revisar") -> ✖ Revisar
A56: Belisario Quevedo | B56: — | C56: 6257 | D56: U.E. BELISARIO QUEVEDO / BLOQUE DOS | E56: 2193 | F56: =SUMIFS('Belisario Quevedo'!$E$5:$E$6,'Belisario Quevedo'!$B$5:$B$6,D56) -> 2193 | G56: 4 | H56: =COUNTIFS('Belisario Quevedo'!$B$10:$B$24,D56,'Belisario Quevedo'!$A$10:$A$24,"*F") -> 4 | I56: 3 | J56: =COUNTIFS('Belisario Quevedo'!$B$10:$B$24,D56,'Belisario Quevedo'!$A$10:$A$24,"*M") -> 3 | K56: 5F – 8F | L56: =IFERROR(IF(H56=0,"—",(1000-SUMPRODUCT(MAX(('Belisario Quevedo'!$B$10:$B$24=D56)*(RIGHT('Belisario Quevedo'!$A$10:$A$24,1)="F")*(1000-VALUE("0"&SUBSTITUTE(SUBSTITUTE(UPPER('Belisario Quevedo'!$A$10:$A$24),"F",""),"M",""))))))&"F – "&SUMPRODUCT(MAX(('Belisario Quevedo'!$B$10:$B$24=D56)*(RIGHT('Belisario Quevedo'!$A$10:$A$24,1)="F")*VALUE("0"&SUBSTITUTE(SUBSTITUTE(UPPER('Belisario Quevedo'!$A$10:$A$24),"F",""),"M",""))))&"F"),"✖ error") -> ✖ error | M56: 5M – 7M | N56: =IFERROR(IF(J56=0,"—",(1000-SUMPRODUCT(MAX(('Belisario Quevedo'!$B$10:$B$24=D56)*(RIGHT('Belisario Quevedo'!$A$10:$A$24,1)="M")*(1000-VALUE("0"&SUBSTITUTE(SUBSTITUTE(UPPER('Belisario Quevedo'!$A$10:$A$24),"F",""),"M",""))))))&"M – "&SUMPRODUCT(MAX(('Belisario Quevedo'!$B$10:$B$24=D56)*(RIGHT('Belisario Quevedo'!$A$10:$A$24,1)="M")*VALUE("0"&SUBSTITUTE(SUBSTITUTE(UPPER('Belisario Quevedo'!$A$10:$A$24),"F",""),"M",""))))&"M"),"✖ error") -> ✖ error | O56: 7 | P56: =IFERROR(IF(AND(E56=F56,G56=H56,I56=J56,K56=L56,M56=N56,SUMPRODUCT(('Belisario Quevedo'!$B$10:$B$24=D56)*(RIGHT('Belisario Quevedo'!$A$10:$A$24,1)="F"))=4,SUMPRODUCT(('Belisario Quevedo'!$B$10:$B$24=D56)*(RIGHT('Belisario Quevedo'!$A$10:$A$24,1)="F")*VALUE("0"&SUBSTITUTE(SUBSTITUTE(UPPER('Belisario Quevedo'!$A$10:$A$24),"F",""),"M","")))=26,SUMPRODUCT(('Belisario Quevedo'!$B$10:$B$24=D56)*(RIGHT('Belisario Quevedo'!$A$10:$A$24,1)="F")*VALUE("0"&SUBSTITUTE(SUBSTITUTE(UPPER('Belisario Quevedo'!$A$10:$A$24),"F",""),"M",""))^2)=174,SUMPRODUCT(('Belisario Quevedo'!$B$10:$B$24=D56)*(RIGHT('Belisario Quevedo'!$A$10:$A$24,1)="M"))=3,SUMPRODUCT(('Belisario Quevedo'!$B$10:$B$24=D56)*(RIGHT('Belisario Quevedo'!$A$10:$A$24,1)="M")*VALUE("0"&SUBSTITUTE(SUBSTITUTE(UPPER('Belisario Quevedo'!$A$10:$A$24),"F",""),"M","")))=18,SUMPRODUCT(('Belisario Quevedo'!$B$10:$B$24=D56)*(RIGHT('Belisario Quevedo'!$A$10:$A$24,1)="M")*VALUE("0"&SUBSTITUTE(SUBSTITUTE(UPPER('Belisario Quevedo'!$A$10:$A$24),"F",""),"M",""))^2)=110),"✔ Verificado","✖ Revisar"),"✖ Revisar") -> ✖ Revisar
A57: Guaytacama | B57: — | C57: 1775 | D57: U.E. SAN JOSE DE GUAYTACAMA | E57: 8391 | F57: =SUMIFS(Guaytacama!$E$5:$E$5,Guaytacama!$B$5:$B$5,D57) -> 8391 | G57: 13 | H57: =COUNTIFS(Guaytacama!$B$9:$B$33,D57,Guaytacama!$A$9:$A$33,"*F") -> 13 | I57: 12 | J57: =COUNTIFS(Guaytacama!$B$9:$B$33,D57,Guaytacama!$A$9:$A$33,"*M") -> 12 | K57: 1F – 13F | L57: =IFERROR(IF(H57=0,"—",(1000-SUMPRODUCT(MAX((Guaytacama!$B$9:$B$33=D57)*(RIGHT(Guaytacama!$A$9:$A$33,1)="F")*(1000-VALUE("0"&SUBSTITUTE(SUBSTITUTE(UPPER(Guaytacama!$A$9:$A$33),"F",""),"M",""))))))&"F – "&SUMPRODUCT(MAX((Guaytacama!$B$9:$B$33=D57)*(RIGHT(Guaytacama!$A$9:$A$33,1)="F")*VALUE("0"&SUBSTITUTE(SUBSTITUTE(UPPER(Guaytacama!$A$9:$A$33),"F",""),"M",""))))&"F"),"✖ error") -> ✖ error | M57: 1M – 12M | N57: =IFERROR(IF(J57=0,"—",(1000-SUMPRODUCT(MAX((Guaytacama!$B$9:$B$33=D57)*(RIGHT(Guaytacama!$A$9:$A$33,1)="M")*(1000-VALUE("0"&SUBSTITUTE(SUBSTITUTE(UPPER(Guaytacama!$A$9:$A$33),"F",""),"M",""))))))&"M – "&SUMPRODUCT(MAX((Guaytacama!$B$9:$B$33=D57)*(RIGHT(Guaytacama!$A$9:$A$33,1)="M")*VALUE("0"&SUBSTITUTE(SUBSTITUTE(UPPER(Guaytacama!$A$9:$A$33),"F",""),"M",""))))&"M"),"✖ error") -> ✖ error | O57: 25 | P57: =IFERROR(IF(AND(E57=F57,G57=H57,I57=J57,K57=L57,M57=N57,SUMPRODUCT((Guaytacama!$B$9:$B$33=D57)*(RIGHT(Guaytacama!$A$9:$A$33,1)="F"))=13,SUMPRODUCT((Guaytacama!$B$9:$B$33=D57)*(RIGHT(Guaytacama!$A$9:$A$33,1)="F")*VALUE("0"&SUBSTITUTE(SUBSTITUTE(UPPER(Guaytacama!$A$9:$A$33),"F",""),"M","")))=91,SUMPRODUCT((Guaytacama!$B$9:$B$33=D57)*(RIGHT(Guaytacama!$A$9:$A$33,1)="F")*VALUE("0"&SUBSTITUTE(SUBSTITUTE(UPPER(Guaytacama!$A$9:$A$33),"F",""),"M",""))^2)=819,SUMPRODUCT((Guaytacama!$B$9:$B$33=D57)*(RIGHT(Guaytacama!$A$9:$A$33,1)="M"))=12,SUMPRODUCT((Guaytacama!$B$9:$B$33=D57)*(RIGHT(Guaytacama!$A$9:$A$33,1)="M")*VALUE("0"&SUBSTITUTE(SUBSTITUTE(UPPER(Guaytacama!$A$9:$A$33),"F",""),"M","")))=78,SUMPRODUCT((Guaytacama!$B$9:$B$33=D57)*(RIGHT(Guaytacama!$A$9:$A$33,1)="M")*VALUE("0"&SUBSTITUTE(SUBSTITUTE(UPPER(Guaytacama!$A$9:$A$33),"F",""),"M",""))^2)=650),"✔ Verificado","✖ Revisar"),"✖ Revisar") -> ✖ Revisar
A58: Joséguango Bajo (Santa Marianit | B58: — | C58: 3104 | D58: U.E. FELIX VALENCIA | E58: 1758 | F58: =SUMIFS('Joséguango Bajo (Santa Marianit'!$E$5:$E$5,'Joséguango Bajo (Santa Marianit'!$B$5:$B$5,D58) -> 1758 | G58: 3 | H58: =COUNTIFS('Joséguango Bajo (Santa Marianit'!$B$9:$B$14,D58,'Joséguango Bajo (Santa Marianit'!$A$9:$A$14,"*F") -> 3 | I58: 3 | J58: =COUNTIFS('Joséguango Bajo (Santa Marianit'!$B$9:$B$14,D58,'Joséguango Bajo (Santa Marianit'!$A$9:$A$14,"*M") -> 3 | K58: 1F – 3F | L58: =IFERROR(IF(H58=0,"—",(1000-SUMPRODUCT(MAX(('Joséguango Bajo (Santa Marianit'!$B$9:$B$14=D58)*(RIGHT('Joséguango Bajo (Santa Marianit'!$A$9:$A$14,1)="F")*(1000-VALUE("0"&SUBSTITUTE(SUBSTITUTE(UPPER('Joséguango Bajo (Santa Marianit'!$A$9:$A$14),"F",""),"M",""))))))&"F – "&SUMPRODUCT(MAX(('Joséguango Bajo (Santa Marianit'!$B$9:$B$14=D58)*(RIGHT('Joséguango Bajo (Santa Marianit'!$A$9:$A$14,1)="F")*VALUE("0"&SUBSTITUTE(SUBSTITUTE(UPPER('Joséguango Bajo (Santa Marianit'!$A$9:$A$14),"F",""),"M",""))))&"F"),"✖ error") -> ✖ error | M58: 1M – 3M | N58: =IFERROR(IF(J58=0,"—",(1000-SUMPRODUCT(MAX(('Joséguango Bajo (Santa Marianit'!$B$9:$B$14=D58)*(RIGHT('Joséguango Bajo (Santa Marianit'!$A$9:$A$14,1)="M")*(1000-VALUE("0"&SUBSTITUTE(SUBSTITUTE(UPPER('Joséguango Bajo (Santa Marianit'!$A$9:$A$14),"F",""),"M",""))))))&"M – "&SUMPRODUCT(MAX(('Joséguango Bajo (Santa Marianit'!$B$9:$B$14=D58)*(RIGHT('Joséguango Bajo (Santa Marianit'!$A$9:$A$14,1)="M")*VALUE("0"&SUBSTITUTE(SUBSTITUTE(UPPER('Joséguango Bajo (Santa Marianit'!$A$9:$A$14),"F",""),"M",""))))&"M"),"✖ error") -> ✖ error | O58: 6 | P58: =IFERROR(IF(AND(E58=F58,G58=H58,I58=J58,K58=L58,M58=N58,SUMPRODUCT(('Joséguango Bajo (Santa Marianit'!$B$9:$B$14=D58)*(RIGHT('Joséguango Bajo (Santa Marianit'!$A$9:$A$14,1)="F"))=3,SUMPRODUCT(('Joséguango Bajo (Santa Marianit'!$B$9:$B$14=D58)*(RIGHT('Joséguango Bajo (Santa Marianit'!$A$9:$A$14,1)="F")*VALUE("0"&SUBSTITUTE(SUBSTITUTE(UPPER('Joséguango Bajo (Santa Marianit'!$A$9:$A$14),"F",""),"M","")))=6,SUMPRODUCT(('Joséguango Bajo (Santa Marianit'!$B$9:$B$14=D58)*(RIGHT('Joséguango Bajo (Santa Marianit'!$A$9:$A$14,1)="F")*VALUE("0"&SUBSTITUTE(SUBSTITUTE(UPPER('Joséguango Bajo (Santa Marianit'!$A$9:$A$14),"F",""),"M",""))^2)=14,SUMPRODUCT(('Joséguango Bajo (Santa Marianit'!$B$9:$B$14=D58)*(RIGHT('Joséguango Bajo (Santa Marianit'!$A$9:$A$14,1)="M"))=3,SUMPRODUCT(('Joséguango Bajo (Santa Marianit'!$B$9:$B$14=D58)*(RIGHT('Joséguango Bajo (Santa Marianit'!$A$9:$A$14,1)="M")*VALUE("0"&SUBSTITUTE(SUBSTITUTE(UPPER('Joséguango Bajo (Santa Marianit'!$A$9:$A$14),"F",""),"M","")))=6,SUMPRODUCT(('Joséguango Bajo (Santa Marianit'!$B$9:$B$14=D58)*(RIGHT('Joséguango Bajo (Santa Marianit'!$A$9:$A$14,1)="M")*VALUE("0"&SUBSTITUTE(SUBSTITUTE(UPPER('Joséguango Bajo (Santa Marianit'!$A$9:$A$14),"F",""),"M",""))^2)=14),"✔ Verificado","✖ Revisar"),"✖ Revisar") -> ✖ Revisar
A59: Mulaló | B59: — | C59: 1783 | D59: UNIDAD EDUCATIVA MULALO / Esc. JUAN PIO MONTUFAR | E59: 2800 | F59: =SUMIFS(Mulaló!$E$5:$E$7,Mulaló!$B$5:$B$7,D59) -> 2800 | G59: 4 | H59: =COUNTIFS(Mulaló!$B$11:$B$33,D59,Mulaló!$A$11:$A$33,"*F") -> 4 | I59: 4 | J59: =COUNTIFS(Mulaló!$B$11:$B$33,D59,Mulaló!$A$11:$A$33,"*M") -> 4 | K59: 1F – 4F | L59: =IFERROR(IF(H59=0,"—",(1000-SUMPRODUCT(MAX((Mulaló!$B$11:$B$33=D59)*(RIGHT(Mulaló!$A$11:$A$33,1)="F")*(1000-VALUE("0"&SUBSTITUTE(SUBSTITUTE(UPPER(Mulaló!$A$11:$A$33),"F",""),"M",""))))))&"F – "&SUMPRODUCT(MAX((Mulaló!$B$11:$B$33=D59)*(RIGHT(Mulaló!$A$11:$A$33,1)="F")*VALUE("0"&SUBSTITUTE(SUBSTITUTE(UPPER(Mulaló!$A$11:$A$33),"F",""),"M",""))))&"F"),"✖ error") -> ✖ error | M59: 1M – 4M | N59: =IFERROR(IF(J59=0,"—",(1000-SUMPRODUCT(MAX((Mulaló!$B$11:$B$33=D59)*(RIGHT(Mulaló!$A$11:$A$33,1)="M")*(1000-VALUE("0"&SUBSTITUTE(SUBSTITUTE(UPPER(Mulaló!$A$11:$A$33),"F",""),"M",""))))))&"M – "&SUMPRODUCT(MAX((Mulaló!$B$11:$B$33=D59)*(RIGHT(Mulaló!$A$11:$A$33,1)="M")*VALUE("0"&SUBSTITUTE(SUBSTITUTE(UPPER(Mulaló!$A$11:$A$33),"F",""),"M",""))))&"M"),"✖ error") -> ✖ error | O59: 8 | P59: =IFERROR(IF(AND(E59=F59,G59=H59,I59=J59,K59=L59,M59=N59,SUMPRODUCT((Mulaló!$B$11:$B$33=D59)*(RIGHT(Mulaló!$A$11:$A$33,1)="F"))=4,SUMPRODUCT((Mulaló!$B$11:$B$33=D59)*(RIGHT(Mulaló!$A$11:$A$33,1)="F")*VALUE("0"&SUBSTITUTE(SUBSTITUTE(UPPER(Mulaló!$A$11:$A$33),"F",""),"M","")))=10,SUMPRODUCT((Mulaló!$B$11:$B$33=D59)*(RIGHT(Mulaló!$A$11:$A$33,1)="F")*VALUE("0"&SUBSTITUTE(SUBSTITUTE(UPPER(Mulaló!$A$11:$A$33),"F",""),"M",""))^2)=30,SUMPRODUCT((Mulaló!$B$11:$B$33=D59)*(RIGHT(Mulaló!$A$11:$A$33,1)="M"))=4,SUMPRODUCT((Mulaló!$B$11:$B$33=D59)*(RIGHT(Mulaló!$A$11:$A$33,1)="M")*VALUE("0"&SUBSTITUTE(SUBSTITUTE(UPPER(Mulaló!$A$11:$A$33),"F",""),"M","")))=10,SUMPRODUCT((Mulaló!$B$11:$B$33=D59)*(RIGHT(Mulaló!$A$11:$A$33,1)="M")*VALUE("0"&SUBSTITUTE(SUBSTITUTE(UPPER(Mulaló!$A$11:$A$33),"F",""),"M",""))^2)=30),"✔ Verificado","✖ Revisar"),"✖ Revisar") -> ✖ Revisar
A60: Mulaló | B60: — | C60: 1760 | D60: UNIDAD EDUCATIVA MULALO / COLEGIO TÉCNICO MULALÓ | E60: 2800 | F60: =SUMIFS(Mulaló!$E$5:$E$7,Mulaló!$B$5:$B$7,D60) -> 2800 | G60: 4 | H60: =COUNTIFS(Mulaló!$B$11:$B$33,D60,Mulaló!$A$11:$A$33,"*F") -> 4 | I60: 4 | J60: =COUNTIFS(Mulaló!$B$11:$B$33,D60,Mulaló!$A$11:$A$33,"*M") -> 4 | K60: 5F – 8F | L60: =IFERROR(IF(H60=0,"—",(1000-SUMPRODUCT(MAX((Mulaló!$B$11:$B$33=D60)*(RIGHT(Mulaló!$A$11:$A$33,1)="F")*(1000-VALUE("0"&SUBSTITUTE(SUBSTITUTE(UPPER(Mulaló!$A$11:$A$33),"F",""),"M",""))))))&"F – "&SUMPRODUCT(MAX((Mulaló!$B$11:$B$33=D60)*(RIGHT(Mulaló!$A$11:$A$33,1)="F")*VALUE("0"&SUBSTITUTE(SUBSTITUTE(UPPER(Mulaló!$A$11:$A$33),"F",""),"M",""))))&"F"),"✖ error") -> ✖ error | M60: 5M – 8M | N60: =IFERROR(IF(J60=0,"—",(1000-SUMPRODUCT(MAX((Mulaló!$B$11:$B$33=D60)*(RIGHT(Mulaló!$A$11:$A$33,1)="M")*(1000-VALUE("0"&SUBSTITUTE(SUBSTITUTE(UPPER(Mulaló!$A$11:$A$33),"F",""),"M",""))))))&"M – "&SUMPRODUCT(MAX((Mulaló!$B$11:$B$33=D60)*(RIGHT(Mulaló!$A$11:$A$33,1)="M")*VALUE("0"&SUBSTITUTE(SUBSTITUTE(UPPER(Mulaló!$A$11:$A$33),"F",""),"M",""))))&"M"),"✖ error") -> ✖ error | O60: 8 | P60: =IFERROR(IF(AND(E60=F60,G60=H60,I60=J60,K60=L60,M60=N60,SUMPRODUCT((Mulaló!$B$11:$B$33=D60)*(RIGHT(Mulaló!$A$11:$A$33,1)="F"))=4,SUMPRODUCT((Mulaló!$B$11:$B$33=D60)*(RIGHT(Mulaló!$A$11:$A$33,1)="F")*VALUE("0"&SUBSTITUTE(SUBSTITUTE(UPPER(Mulaló!$A$11:$A$33),"F",""),"M","")))=26,SUMPRODUCT((Mulaló!$B$11:$B$33=D60)*(RIGHT(Mulaló!$A$11:$A$33,1)="F")*VALUE("0"&SUBSTITUTE(SUBSTITUTE(UPPER(Mulaló!$A$11:$A$33),"F",""),"M",""))^2)=174,SUMPRODUCT((Mulaló!$B$11:$B$33=D60)*(RIGHT(Mulaló!$A$11:$A$33,1)="M"))=4,SUMPRODUCT((Mulaló!$B$11:$B$33=D60)*(RIGHT(Mulaló!$A$11:$A$33,1)="M")*VALUE("0"&SUBSTITUTE(SUBSTITUTE(UPPER(Mulaló!$A$11:$A$33),"F",""),"M","")))=26,SUMPRODUCT((Mulaló!$B$11:$B$33=D60)*(RIGHT(Mulaló!$A$11:$A$33,1)="M")*VALUE("0"&SUBSTITUTE(SUBSTITUTE(UPPER(Mulaló!$A$11:$A$33),"F",""),"M",""))^2)=174),"✔ Verificado","✖ Revisar"),"✖ Revisar") -> ✖ Revisar
A61: Mulaló | B61: — | C61: 6292 | D61: UNIDAD EDUCATIVA MULALO / BLOQUE TRES | E61: 2270 | F61: =SUMIFS(Mulaló!$E$5:$E$7,Mulaló!$B$5:$B$7,D61) -> 2270 | G61: 4 | H61: =COUNTIFS(Mulaló!$B$11:$B$33,D61,Mulaló!$A$11:$A$33,"*F") -> 4 | I61: 3 | J61: =COUNTIFS(Mulaló!$B$11:$B$33,D61,Mulaló!$A$11:$A$33,"*M") -> 3 | K61: 9F – 12F | L61: =IFERROR(IF(H61=0,"—",(1000-SUMPRODUCT(MAX((Mulaló!$B$11:$B$33=D61)*(RIGHT(Mulaló!$A$11:$A$33,1)="F")*(1000-VALUE("0"&SUBSTITUTE(SUBSTITUTE(UPPER(Mulaló!$A$11:$A$33),"F",""),"M",""))))))&"F – "&SUMPRODUCT(MAX((Mulaló!$B$11:$B$33=D61)*(RIGHT(Mulaló!$A$11:$A$33,1)="F")*VALUE("0"&SUBSTITUTE(SUBSTITUTE(UPPER(Mulaló!$A$11:$A$33),"F",""),"M",""))))&"F"),"✖ error") -> ✖ error | M61: 9M – 11M | N61: =IFERROR(IF(J61=0,"—",(1000-SUMPRODUCT(MAX((Mulaló!$B$11:$B$33=D61)*(RIGHT(Mulaló!$A$11:$A$33,1)="M")*(1000-VALUE("0"&SUBSTITUTE(SUBSTITUTE(UPPER(Mulaló!$A$11:$A$33),"F",""),"M",""))))))&"M – "&SUMPRODUCT(MAX((Mulaló!$B$11:$B$33=D61)*(RIGHT(Mulaló!$A$11:$A$33,1)="M")*VALUE("0"&SUBSTITUTE(SUBSTITUTE(UPPER(Mulaló!$A$11:$A$33),"F",""),"M",""))))&"M"),"✖ error") -> ✖ error | O61: 7 | P61: =IFERROR(IF(AND(E61=F61,G61=H61,I61=J61,K61=L61,M61=N61,SUMPRODUCT((Mulaló!$B$11:$B$33=D61)*(RIGHT(Mulaló!$A$11:$A$33,1)="F"))=4,SUMPRODUCT((Mulaló!$B$11:$B$33=D61)*(RIGHT(Mulaló!$A$11:$A$33,1)="F")*VALUE("0"&SUBSTITUTE(SUBSTITUTE(UPPER(Mulaló!$A$11:$A$33),"F",""),"M","")))=42,SUMPRODUCT((Mulaló!$B$11:$B$33=D61)*(RIGHT(Mulaló!$A$11:$A$33,1)="F")*VALUE("0"&SUBSTITUTE(SUBSTITUTE(UPPER(Mulaló!$A$11:$A$33),"F",""),"M",""))^2)=446,SUMPRODUCT((Mulaló!$B$11:$B$33=D61)*(RIGHT(Mulaló!$A$11:$A$33,1)="M"))=3,SUMPRODUCT((Mulaló!$B$11:$B$33=D61)*(RIGHT(Mulaló!$A$11:$A$33,1)="M")*VALUE("0"&SUBSTITUTE(SUBSTITUTE(UPPER(Mulaló!$A$11:$A$33),"F",""),"M","")))=30,SUMPRODUCT((Mulaló!$B$11:$B$33=D61)*(RIGHT(Mulaló!$A$11:$A$33,1)="M")*VALUE("0"&SUBSTITUTE(SUBSTITUTE(UPPER(Mulaló!$A$11:$A$33),"F",""),"M",""))^2)=302),"✔ Verificado","✖ Revisar"),"✖ Revisar") -> ✖ Revisar
A62: Once de Noviembre (Ilinchisí) | B62: — | C62: 1572 | D62: UNIDAD EDUCATIVA LATACUNGA | E62: 2145 | F62: =SUMIFS('Once de Noviembre (Ilinchisí)'!$E$5:$E$5,'Once de Noviembre (Ilinchisí)'!$B$5:$B$5,D62) -> 2145 | G62: 4 | H62: =COUNTIFS('Once de Noviembre (Ilinchisí)'!$B$9:$B$15,D62,'Once de Noviembre (Ilinchisí)'!$A$9:$A$15,"*F") -> 4 | I62: 3 | J62: =COUNTIFS('Once de Noviembre (Ilinchisí)'!$B$9:$B$15,D62,'Once de Noviembre (Ilinchisí)'!$A$9:$A$15,"*M") -> 3 | K62: 1F – 4F | L62: =IFERROR(IF(H62=0,"—",(1000-SUMPRODUCT(MAX(('Once de Noviembre (Ilinchisí)'!$B$9:$B$15=D62)*(RIGHT('Once de Noviembre (Ilinchisí)'!$A$9:$A$15,1)="F")*(1000-VALUE("0"&SUBSTITUTE(SUBSTITUTE(UPPER('Once de Noviembre (Ilinchisí)'!$A$9:$A$15),"F",""),"M",""))))))&"F – "&SUMPRODUCT(MAX(('Once de Noviembre (Ilinchisí)'!$B$9:$B$15=D62)*(RIGHT('Once de Noviembre (Ilinchisí)'!$A$9:$A$15,1)="F")*VALUE("0"&SUBSTITUTE(SUBSTITUTE(UPPER('Once de Noviembre (Ilinchisí)'!$A$9:$A$15),"F",""),"M",""))))&"F"),"✖ error") -> ✖ error | M62: 1M – 3M | N62: =IFERROR(IF(J62=0,"—",(1000-SUMPRODUCT(MAX(('Once de Noviembre (Ilinchisí)'!$B$9:$B$15=D62)*(RIGHT('Once de Noviembre (Ilinchisí)'!$A$9:$A$15,1)="M")*(1000-VALUE("0"&SUBSTITUTE(SUBSTITUTE(UPPER('Once de Noviembre (Ilinchisí)'!$A$9:$A$15),"F",""),"M",""))))))&"M – "&SUMPRODUCT(MAX(('Once de Noviembre (Ilinchisí)'!$B$9:$B$15=D62)*(RIGHT('Once de Noviembre (Ilinchisí)'!$A$9:$A$15,1)="M")*VALUE("0"&SUBSTITUTE(SUBSTITUTE(UPPER('Once de Noviembre (Ilinchisí)'!$A$9:$A$15),"F",""),"M",""))))&"M"),"✖ error") -> ✖ error | O62: 7 | P62: =IFERROR(IF(AND(E62=F62,G62=H62,I62=J62,K62=L62,M62=N62,SUMPRODUCT(('Once de Noviembre (Ilinchisí)'!$B$9:$B$15=D62)*(RIGHT('Once de Noviembre (Ilinchisí)'!$A$9:$A$15,1)="F"))=4,SUMPRODUCT(('Once de Noviembre (Ilinchisí)'!$B$9:$B$15=D62)*(RIGHT('Once de Noviembre (Ilinchisí)'!$A$9:$A$15,1)="F")*VALUE("0"&SUBSTITUTE(SUBSTITUTE(UPPER('Once de Noviembre (Ilinchisí)'!$A$9:$A$15),"F",""),"M","")))=10,SUMPRODUCT(('Once de Noviembre (Ilinchisí)'!$B$9:$B$15=D62)*(RIGHT('Once de Noviembre (Ilinchisí)'!$A$9:$A$15,1)="F")*VALUE("0"&SUBSTITUTE(SUBSTITUTE(UPPER('Once de Noviembre (Ilinchisí)'!$A$9:$A$15),"F",""),"M",""))^2)=30,SUMPRODUCT(('Once de Noviembre (Ilinchisí)'!$B$9:$B$15=D62)*(RIGHT('Once de Noviembre (Ilinchisí)'!$A$9:$A$15,1)="M"))=3,SUMPRODUCT(('Once de Noviembre (Ilinchisí)'!$B$9:$B$15=D62)*(RIGHT('Once de Noviembre (Ilinchisí)'!$A$9:$A$15,1)="M")*VALUE("0"&SUBSTITUTE(SUBSTITUTE(UPPER('Once de Noviembre (Ilinchisí)'!$A$9:$A$15),"F",""),"M","")))=6,SUMPRODUCT(('Once de Noviembre (Ilinchisí)'!$B$9:$B$15=D62)*(RIGHT('Once de Noviembre (Ilinchisí)'!$A$9:$A$15,1)="M")*VALUE("0"&SUBSTITUTE(SUBSTITUTE(UPPER('Once de Noviembre (Ilinchisí)'!$A$9:$A$15),"F",""),"M",""))^2)=14),"✔ Verificado","✖ Revisar"),"✖ Revisar") -> ✖ Revisar
A63: Poaló | B63: — | C63: 6304 | D63: GAD PARROQUIAL COLISEO POALO | E63: 1400 | F63: =SUMIFS(Poaló!$E$5:$E$6,Poaló!$B$5:$B$6,D63) -> 1400 | G63: 2 | H63: =COUNTIFS(Poaló!$B$10:$B$24,D63,Poaló!$A$10:$A$24,"*F") -> 2 | I63: 2 | J63: =COUNTIFS(Poaló!$B$10:$B$24,D63,Poaló!$A$10:$A$24,"*M") -> 2 | K63: 1F – 2F | L63: =IFERROR(IF(H63=0,"—",(1000-SUMPRODUCT(MAX((Poaló!$B$10:$B$24=D63)*(RIGHT(Poaló!$A$10:$A$24,1)="F")*(1000-VALUE("0"&SUBSTITUTE(SUBSTITUTE(UPPER(Poaló!$A$10:$A$24),"F",""),"M",""))))))&"F – "&SUMPRODUCT(MAX((Poaló!$B$10:$B$24=D63)*(RIGHT(Poaló!$A$10:$A$24,1)="F")*VALUE("0"&SUBSTITUTE(SUBSTITUTE(UPPER(Poaló!$A$10:$A$24),"F",""),"M",""))))&"F"),"✖ error") -> ✖ error | M63: 1M – 2M | N63: =IFERROR(IF(J63=0,"—",(1000-SUMPRODUCT(MAX((Poaló!$B$10:$B$24=D63)*(RIGHT(Poaló!$A$10:$A$24,1)="M")*(1000-VALUE("0"&SUBSTITUTE(SUBSTITUTE(UPPER(Poaló!$A$10:$A$24),"F",""),"M",""))))))&"M – "&SUMPRODUCT(MAX((Poaló!$B$10:$B$24=D63)*(RIGHT(Poaló!$A$10:$A$24,1)="M")*VALUE("0"&SUBSTITUTE(SUBSTITUTE(UPPER(Poaló!$A$10:$A$24),"F",""),"M",""))))&"M"),"✖ error") -> ✖ error | O63: 4 | P63: =IFERROR(IF(AND(E63=F63,G63=H63,I63=J63,K63=L63,M63=N63,SUMPRODUCT((Poaló!$B$10:$B$24=D63)*(RIGHT(Poaló!$A$10:$A$24,1)="F"))=2,SUMPRODUCT((Poaló!$B$10:$B$24=D63)*(RIGHT(Poaló!$A$10:$A$24,1)="F")*VALUE("0"&SUBSTITUTE(SUBSTITUTE(UPPER(Poaló!$A$10:$A$24),"F",""),"M","")))=3,SUMPRODUCT((Poaló!$B$10:$B$24=D63)*(RIGHT(Poaló!$A$10:$A$24,1)="F")*VALUE("0"&SUBSTITUTE(SUBSTITUTE(UPPER(Poaló!$A$10:$A$24),"F",""),"M",""))^2)=5,SUMPRODUCT((Poaló!$B$10:$B$24=D63)*(RIGHT(Poaló!$A$10:$A$24,1)="M"))=2,SUMPRODUCT((Poaló!$B$10:$B$24=D63)*(RIGHT(Poaló!$A$10:$A$24,1)="M")*VALUE("0"&SUBSTITUTE(SUBSTITUTE(UPPER(Poaló!$A$10:$A$24),"F",""),"M","")))=3,SUMPRODUCT((Poaló!$B$10:$B$24=D63)*(RIGHT(Poaló!$A$10:$A$24,1)="M")*VALUE("0"&SUBSTITUTE(SUBSTITUTE(UPPER(Poaló!$A$10:$A$24),"F",""),"M",""))^2)=5),"✔ Verificado","✖ Revisar"),"✖ Revisar") -> ✖ Revisar
A64: Poaló | B64: — | C64: 1559 | D64: UNIDAD EDUCATIVA POALO GARCIA MORENO / BLOQUE 2 | E64: 3641 | F64: =SUMIFS(Poaló!$E$5:$E$6,Poaló!$B$5:$B$6,D64) -> 3641 | G64: 6 | H64: =COUNTIFS(Poaló!$B$10:$B$24,D64,Poaló!$A$10:$A$24,"*F") -> 6 | I64: 5 | J64: =COUNTIFS(Poaló!$B$10:$B$24,D64,Poaló!$A$10:$A$24,"*M") -> 5 | K64: 3F – 8F | L64: =IFERROR(IF(H64=0,"—",(1000-SUMPRODUCT(MAX((Poaló!$B$10:$B$24=D64)*(RIGHT(Poaló!$A$10:$A$24,1)="F")*(1000-VALUE("0"&SUBSTITUTE(SUBSTITUTE(UPPER(Poaló!$A$10:$A$24),"F",""),"M",""))))))&"F – "&SUMPRODUCT(MAX((Poaló!$B$10:$B$24=D64)*(RIGHT(Poaló!$A$10:$A$24,1)="F")*VALUE("0"&SUBSTITUTE(SUBSTITUTE(UPPER(Poaló!$A$10:$A$24),"F",""),"M",""))))&"F"),"✖ error") -> ✖ error | M64: 3M – 7M | N64: =IFERROR(IF(J64=0,"—",(1000-SUMPRODUCT(MAX((Poaló!$B$10:$B$24=D64)*(RIGHT(Poaló!$A$10:$A$24,1)="M")*(1000-VALUE("0"&SUBSTITUTE(SUBSTITUTE(UPPER(Poaló!$A$10:$A$24),"F",""),"M",""))))))&"M – "&SUMPRODUCT(MAX((Poaló!$B$10:$B$24=D64)*(RIGHT(Poaló!$A$10:$A$24,1)="M")*VALUE("0"&SUBSTITUTE(SUBSTITUTE(UPPER(Poaló!$A$10:$A$24),"F",""),"M",""))))&"M"),"✖ error") -> ✖ error | O64: 11 | P64: =IFERROR(IF(AND(E64=F64,G64=H64,I64=J64,K64=L64,M64=N64,SUMPRODUCT((Poaló!$B$10:$B$24=D64)*(RIGHT(Poaló!$A$10:$A$24,1)="F"))=6,SUMPRODUCT((Poaló!$B$10:$B$24=D64)*(RIGHT(Poaló!$A$10:$A$24,1)="F")*VALUE("0"&SUBSTITUTE(SUBSTITUTE(UPPER(Poaló!$A$10:$A$24),"F",""),"M","")))=33,SUMPRODUCT((Poaló!$B$10:$B$24=D64)*(RIGHT(Poaló!$A$10:$A$24,1)="F")*VALUE("0"&SUBSTITUTE(SUBSTITUTE(UPPER(Poaló!$A$10:$A$24),"F",""),"M",""))^2)=199,SUMPRODUCT((Poaló!$B$10:$B$24=D64)*(RIGHT(Poaló!$A$10:$A$24,1)="M"))=5,SUMPRODUCT((Poaló!$B$10:$B$24=D64)*(RIGHT(Poaló!$A$10:$A$24,1)="M")*VALUE("0"&SUBSTITUTE(SUBSTITUTE(UPPER(Poaló!$A$10:$A$24),"F",""),"M","")))=25,SUMPRODUCT((Poaló!$B$10:$B$24=D64)*(RIGHT(Poaló!$A$10:$A$24,1)="M")*VALUE("0"&SUBSTITUTE(SUBSTITUTE(UPPER(Poaló!$A$10:$A$24),"F",""),"M",""))^2)=135),"✔ Verificado","✖ Revisar"),"✖ Revisar") -> ✖ Revisar
A65: San Juan de Pastocalle | B65: SAN JUAN DE PASTOCALLE | C65: 6305 | D65: UNIDAD EDUCATIVA COMUNITARIA BILINGUE. EL SEMBRADOR | E65: 2800 | F65: =SUMIFS('San Juan de Pastocalle'!$E$5:$E$8,'San Juan de Pastocalle'!$B$5:$B$8,D65) -> 2800 | G65: 4 | H65: =COUNTIFS('San Juan de Pastocalle'!$B$12:$B$40,D65,'San Juan de Pastocalle'!$A$12:$A$40,"*F") -> 4 | I65: 4 | J65: =COUNTIFS('San Juan de Pastocalle'!$B$12:$B$40,D65,'San Juan de Pastocalle'!$A$12:$A$40,"*M") -> 4 | K65: 1F – 4F | L65: =IFERROR(IF(H65=0,"—",(1000-SUMPRODUCT(MAX(('San Juan de Pastocalle'!$B$12:$B$40=D65)*(RIGHT('San Juan de Pastocalle'!$A$12:$A$40,1)="F")*(1000-VALUE("0"&SUBSTITUTE(SUBSTITUTE(UPPER('San Juan de Pastocalle'!$A$12:$A$40),"F",""),"M",""))))))&"F – "&SUMPRODUCT(MAX(('San Juan de Pastocalle'!$B$12:$B$40=D65)*(RIGHT('San Juan de Pastocalle'!$A$12:$A$40,1)="F")*VALUE("0"&SUBSTITUTE(SUBSTITUTE(UPPER('San Juan de Pastocalle'!$A$12:$A$40),"F",""),"M",""))))&"F"),"✖ error") -> ✖ error | M65: 1M – 4M | N65: =IFERROR(IF(J65=0,"—",(1000-SUMPRODUCT(MAX(('San Juan de Pastocalle'!$B$12:$B$40=D65)*(RIGHT('San Juan de Pastocalle'!$A$12:$A$40,1)="M")*(1000-VALUE("0"&SUBSTITUTE(SUBSTITUTE(UPPER('San Juan de Pastocalle'!$A$12:$A$40),"F",""),"M",""))))))&"M – "&SUMPRODUCT(MAX(('San Juan de Pastocalle'!$B$12:$B$40=D65)*(RIGHT('San Juan de Pastocalle'!$A$12:$A$40,1)="M")*VALUE("0"&SUBSTITUTE(SUBSTITUTE(UPPER('San Juan de Pastocalle'!$A$12:$A$40),"F",""),"M",""))))&"M"),"✖ error") -> ✖ error | O65: 8 | P65: =IFERROR(IF(AND(E65=F65,G65=H65,I65=J65,K65=L65,M65=N65,SUMPRODUCT(('San Juan de Pastocalle'!$B$12:$B$40=D65)*(RIGHT('San Juan de Pastocalle'!$A$12:$A$40,1)="F"))=4,SUMPRODUCT(('San Juan de Pastocalle'!$B$12:$B$40=D65)*(RIGHT('San Juan de Pastocalle'!$A$12:$A$40,1)="F")*VALUE("0"&SUBSTITUTE(SUBSTITUTE(UPPER('San Juan de Pastocalle'!$A$12:$A$40),"F",""),"M","")))=10,SUMPRODUCT(('San Juan de Pastocalle'!$B$12:$B$40=D65)*(RIGHT('San Juan de Pastocalle'!$A$12:$A$40,1)="F")*VALUE("0"&SUBSTITUTE(SUBSTITUTE(UPPER('San Juan de Pastocalle'!$A$12:$A$40),"F",""),"M",""))^2)=30,SUMPRODUCT(('San Juan de Pastocalle'!$B$12:$B$40=D65)*(RIGHT('San Juan de Pastocalle'!$A$12:$A$40,1)="M"))=4,SUMPRODUCT(('San Juan de Pastocalle'!$B$12:$B$40=D65)*(RIGHT('San Juan de Pastocalle'!$A$12:$A$40,1)="M")*VALUE("0"&SUBSTITUTE(SUBSTITUTE(UPPER('San Juan de Pastocalle'!$A$12:$A$40),"F",""),"M","")))=10,SUMPRODUCT(('San Juan de Pastocalle'!$B$12:$B$40=D65)*(RIGHT('San Juan de Pastocalle'!$A$12:$A$40,1)="M")*VALUE("0"&SUBSTITUTE(SUBSTITUTE(UPPER('San Juan de Pastocalle'!$A$12:$A$40),"F",""),"M",""))^2)=30),"✔ Verificado","✖ Revisar"),"✖ Revisar") -> ✖ Revisar
A66: San Juan de Pastocalle | B66: SAN JUAN DE PASTOCALLE | C66: 1788 | D66: U.E. PASTOCALLE / BLOQUE 2 | E66: 3150 | F66: =SUMIFS('San Juan de Pastocalle'!$E$5:$E$8,'San Juan de Pastocalle'!$B$5:$B$8,D66) -> 3150 | G66: 5 | H66: =COUNTIFS('San Juan de Pastocalle'!$B$12:$B$40,D66,'San Juan de Pastocalle'!$A$12:$A$40,"*F") -> 5 | I66: 4 | J66: =COUNTIFS('San Juan de Pastocalle'!$B$12:$B$40,D66,'San Juan de Pastocalle'!$A$12:$A$40,"*M") -> 4 | K66: 5F – 9F | L66: =IFERROR(IF(H66=0,"—",(1000-SUMPRODUCT(MAX(('San Juan de Pastocalle'!$B$12:$B$40=D66)*(RIGHT('San Juan de Pastocalle'!$A$12:$A$40,1)="F")*(1000-VALUE("0"&SUBSTITUTE(SUBSTITUTE(UPPER('San Juan de Pastocalle'!$A$12:$A$40),"F",""),"M",""))))))&"F – "&SUMPRODUCT(MAX(('San Juan de Pastocalle'!$B$12:$B$40=D66)*(RIGHT('San Juan de Pastocalle'!$A$12:$A$40,1)="F")*VALUE("0"&SUBSTITUTE(SUBSTITUTE(UPPER('San Juan de Pastocalle'!$A$12:$A$40),"F",""),"M",""))))&"F"),"✖ error") -> ✖ error | M66: 5M – 8M | N66: =IFERROR(IF(J66=0,"—",(1000-SUMPRODUCT(MAX(('San Juan de Pastocalle'!$B$12:$B$40=D66)*(RIGHT('San Juan de Pastocalle'!$A$12:$A$40,1)="M")*(1000-VALUE("0"&SUBSTITUTE(SUBSTITUTE(UPPER('San Juan de Pastocalle'!$A$12:$A$40),"F",""),"M",""))))))&"M – "&SUMPRODUCT(MAX(('San Juan de Pastocalle'!$B$12:$B$40=D66)*(RIGHT('San Juan de Pastocalle'!$A$12:$A$40,1)="M")*VALUE("0"&SUBSTITUTE(SUBSTITUTE(UPPER('San Juan de Pastocalle'!$A$12:$A$40),"F",""),"M",""))))&"M"),"✖ error") -> ✖ error | O66: 9 | P66: =IFERROR(IF(AND(E66=F66,G66=H66,I66=J66,K66=L66,M66=N66,SUMPRODUCT(('San Juan de Pastocalle'!$B$12:$B$40=D66)*(RIGHT('San Juan de Pastocalle'!$A$12:$A$40,1)="F"))=5,SUMPRODUCT(('San Juan de Pastocalle'!$B$12:$B$40=D66)*(RIGHT('San Juan de Pastocalle'!$A$12:$A$40,1)="F")*VALUE("0"&SUBSTITUTE(SUBSTITUTE(UPPER('San Juan de Pastocalle'!$A$12:$A$40),"F",""),"M","")))=35,SUMPRODUCT(('San Juan de Pastocalle'!$B$12:$B$40=D66)*(RIGHT('San Juan de Pastocalle'!$A$12:$A$40,1)="F")*VALUE("0"&SUBSTITUTE(SUBSTITUTE(UPPER('San Juan de Pastocalle'!$A$12:$A$40),"F",""),"M",""))^2)=255,SUMPRODUCT(('San Juan de Pastocalle'!$B$12:$B$40=D66)*(RIGHT('San Juan de Pastocalle'!$A$12:$A$40,1)="M"))=4,SUMPRODUCT(('San Juan de Pastocalle'!$B$12:$B$40=D66)*(RIGHT('San Juan de Pastocalle'!$A$12:$A$40,1)="M")*VALUE("0"&SUBSTITUTE(SUBSTITUTE(UPPER('San Juan de Pastocalle'!$A$12:$A$40),"F",""),"M","")))=26,SUMPRODUCT(('San Juan de Pastocalle'!$B$12:$B$40=D66)*(RIGHT('San Juan de Pastocalle'!$A$12:$A$40,1)="M")*VALUE("0"&SUBSTITUTE(SUBSTITUTE(UPPER('San Juan de Pastocalle'!$A$12:$A$40),"F",""),"M",""))^2)=174),"✔ Verificado","✖ Revisar"),"✖ Revisar") -> ✖ Revisar
A67: San Juan de Pastocalle | B67: SAN JUAN DE PASTOCALLE | C67: 1789 | D67: U.E. PASTOCALLE / COLEGIO PASTOCALLE | E67: 3371 | F67: =SUMIFS('San Juan de Pastocalle'!$E$5:$E$8,'San Juan de Pastocalle'!$B$5:$B$8,D67) -> 3371 | G67: 5 | H67: =COUNTIFS('San Juan de Pastocalle'!$B$12:$B$40,D67,'San Juan de Pastocalle'!$A$12:$A$40,"*F") -> 5 | I67: 5 | J67: =COUNTIFS('San Juan de Pastocalle'!$B$12:$B$40,D67,'San Juan de Pastocalle'!$A$12:$A$40,"*M") -> 5 | K67: 10F – 14F | L67: =IFERROR(IF(H67=0,"—",(1000-SUMPRODUCT(MAX(('San Juan de Pastocalle'!$B$12:$B$40=D67)*(RIGHT('San Juan de Pastocalle'!$A$12:$A$40,1)="F")*(1000-VALUE("0"&SUBSTITUTE(SUBSTITUTE(UPPER('San Juan de Pastocalle'!$A$12:$A$40),"F",""),"M",""))))))&"F – "&SUMPRODUCT(MAX(('San Juan de Pastocalle'!$B$12:$B$40=D67)*(RIGHT('San Juan de Pastocalle'!$A$12:$A$40,1)="F")*VALUE("0"&SUBSTITUTE(SUBSTITUTE(UPPER('San Juan de Pastocalle'!$A$12:$A$40),"F",""),"M",""))))&"F"),"✖ error") -> ✖ error | M67: 9M – 13M | N67: =IFERROR(IF(J67=0,"—",(1000-SUMPRODUCT(MAX(('San Juan de Pastocalle'!$B$12:$B$40=D67)*(RIGHT('San Juan de Pastocalle'!$A$12:$A$40,1)="M")*(1000-VALUE("0"&SUBSTITUTE(SUBSTITUTE(UPPER('San Juan de Pastocalle'!$A$12:$A$40),"F",""),"M",""))))))&"M – "&SUMPRODUCT(MAX(('San Juan de Pastocalle'!$B$12:$B$40=D67)*(RIGHT('San Juan de Pastocalle'!$A$12:$A$40,1)="M")*VALUE("0"&SUBSTITUTE(SUBSTITUTE(UPPER('San Juan de Pastocalle'!$A$12:$A$40),"F",""),"M",""))))&"M"),"✖ error") -> ✖ error | O67: 10 | P67: =IFERROR(IF(AND(E67=F67,G67=H67,I67=J67,K67=L67,M67=N67,SUMPRODUCT(('San Juan de Pastocalle'!$B$12:$B$40=D67)*(RIGHT('San Juan de Pastocalle'!$A$12:$A$40,1)="F"))=5,SUMPRODUCT(('San Juan de Pastocalle'!$B$12:$B$40=D67)*(RIGHT('San Juan de Pastocalle'!$A$12:$A$40,1)="F")*VALUE("0"&SUBSTITUTE(SUBSTITUTE(UPPER('San Juan de Pastocalle'!$A$12:$A$40),"F",""),"M","")))=60,SUMPRODUCT(('San Juan de Pastocalle'!$B$12:$B$40=D67)*(RIGHT('San Juan de Pastocalle'!$A$12:$A$40,1)="F")*VALUE("0"&SUBSTITUTE(SUBSTITUTE(UPPER('San Juan de Pastocalle'!$A$12:$A$40),"F",""),"M",""))^2)=730,SUMPRODUCT(('San Juan de Pastocalle'!$B$12:$B$40=D67)*(RIGHT('San Juan de Pastocalle'!$A$12:$A$40,1)="M"))=5,SUMPRODUCT(('San Juan de Pastocalle'!$B$12:$B$40=D67)*(RIGHT('San Juan de Pastocalle'!$A$12:$A$40,1)="M")*VALUE("0"&SUBSTITUTE(SUBSTITUTE(UPPER('San Juan de Pastocalle'!$A$12:$A$40),"F",""),"M","")))=55,SUMPRODUCT(('San Juan de Pastocalle'!$B$12:$B$40=D67)*(RIGHT('San Juan de Pastocalle'!$A$12:$A$40,1)="M")*VALUE("0"&SUBSTITUTE(SUBSTITUTE(UPPER('San Juan de Pastocalle'!$A$12:$A$40),"F",""),"M",""))^2)=615),"✔ Verificado","✖ Revisar"),"✖ Revisar") -> ✖ Revisar
A68: San Juan de Pastocalle | B68: LA LIBERTAD | C68: 3106 | D68: U.E. ATANASIO VITERI KAROLYS | E68: 327 | F68: =SUMIFS('San Juan de Pastocalle'!$E$5:$E$8,'San Juan de Pastocalle'!$B$5:$B$8,D68) -> 327 | G68: 1 | H68: =COUNTIFS('San Juan de Pastocalle'!$B$12:$B$40,D68,'San Juan de Pastocalle'!$A$12:$A$40,"*F") -> 1 | I68: 1 | J68: =COUNTIFS('San Juan de Pastocalle'!$B$12:$B$40,D68,'San Juan de Pastocalle'!$A$12:$A$40,"*M") -> 1 | K68: 1F – 1F | L68: =IFERROR(IF(H68=0,"—",(1000-SUMPRODUCT(MAX(('San Juan de Pastocalle'!$B$12:$B$40=D68)*(RIGHT('San Juan de Pastocalle'!$A$12:$A$40,1)="F")*(1000-VALUE("0"&SUBSTITUTE(SUBSTITUTE(UPPER('San Juan de Pastocalle'!$A$12:$A$40),"F",""),"M",""))))))&"F – "&SUMPRODUCT(MAX(('San Juan de Pastocalle'!$B$12:$B$40=D68)*(RIGHT('San Juan de Pastocalle'!$A$12:$A$40,1)="F")*VALUE("0"&SUBSTITUTE(SUBSTITUTE(UPPER('San Juan de Pastocalle'!$A$12:$A$40),"F",""),"M",""))))&"F"),"✖ error") -> ✖ error | M68: 1M – 1M | N68: =IFERROR(IF(J68=0,"—",(1000-SUMPRODUCT(MAX(('San Juan de Pastocalle'!$B$12:$B$40=D68)*(RIGHT('San Juan de Pastocalle'!$A$12:$A$40,1)="M")*(1000-VALUE("0"&SUBSTITUTE(SUBSTITUTE(UPPER('San Juan de Pastocalle'!$A$12:$A$40),"F",""),"M",""))))))&"M – "&SUMPRODUCT(MAX(('San Juan de Pastocalle'!$B$12:$B$40=D68)*(RIGHT('San Juan de Pastocalle'!$A$12:$A$40,1)="M")*VALUE("0"&SUBSTITUTE(SUBSTITUTE(UPPER('San Juan de Pastocalle'!$A$12:$A$40),"F",""),"M",""))))&"M"),"✖ error") -> ✖ error | O68: 2 | P68: =IFERROR(IF(AND(E68=F68,G68=H68,I68=J68,K68=L68,M68=N68,SUMPRODUCT(('San Juan de Pastocalle'!$B$12:$B$40=D68)*(RIGHT('San Juan de Pastocalle'!$A$12:$A$40,1)="F"))=1,SUMPRODUCT(('San Juan de Pastocalle'!$B$12:$B$40=D68)*(RIGHT('San Juan de Pastocalle'!$A$12:$A$40,1)="F")*VALUE("0"&SUBSTITUTE(SUBSTITUTE(UPPER('San Juan de Pastocalle'!$A$12:$A$40),"F",""),"M","")))=1,SUMPRODUCT(('San Juan de Pastocalle'!$B$12:$B$40=D68)*(RIGHT('San Juan de Pastocalle'!$A$12:$A$40,1)="F")*VALUE("0"&SUBSTITUTE(SUBSTITUTE(UPPER('San Juan de Pastocalle'!$A$12:$A$40),"F",""),"M",""))^2)=1,SUMPRODUCT(('San Juan de Pastocalle'!$B$12:$B$40=D68)*(RIGHT('San Juan de Pastocalle'!$A$12:$A$40,1)="M"))=1,SUMPRODUCT(('San Juan de Pastocalle'!$B$12:$B$40=D68)*(RIGHT('San Juan de Pastocalle'!$A$12:$A$40,1)="M")*VALUE("0"&SUBSTITUTE(SUBSTITUTE(UPPER('San Juan de Pastocalle'!$A$12:$A$40),"F",""),"M","")))=1,SUMPRODUCT(('San Juan de Pastocalle'!$B$12:$B$40=D68)*(RIGHT('San Juan de Pastocalle'!$A$12:$A$40,1)="M")*VALUE("0"&SUBSTITUTE(SUBSTITUTE(UPPER('San Juan de Pastocalle'!$A$12:$A$40),"F",""),"M",""))^2)=1),"✔ Verificado","✖ Revisar"),"✖ Revisar") -> ✖ Revisar
A69: Tanicuchí | B69: — | C69: 1791 | D69: U.E. MARCO AURELIO SUBIA MARTINEZ- BATALLA DE PANUPALI / COLEGIO MARCO AURELIO SUBIA MARTINEZ | E69: 5600 | F69: =SUMIFS(Tanicuchí!$E$5:$E$7,Tanicuchí!$B$5:$B$7,D69) -> 5600 | G69: 8 | H69: =COUNTIFS(Tanicuchí!$B$11:$B$45,D69,Tanicuchí!$A$11:$A$45,"*F") -> 8 | I69: 8 | J69: =COUNTIFS(Tanicuchí!$B$11:$B$45,D69,Tanicuchí!$A$11:$A$45,"*M") -> 8 | K69: 1F – 8F | L69: =IFERROR(IF(H69=0,"—",(1000-SUMPRODUCT(MAX((Tanicuchí!$B$11:$B$45=D69)*(RIGHT(Tanicuchí!$A$11:$A$45,1)="F")*(1000-VALUE("0"&SUBSTITUTE(SUBSTITUTE(UPPER(Tanicuchí!$A$11:$A$45),"F",""),"M",""))))))&"F – "&SUMPRODUCT(MAX((Tanicuchí!$B$11:$B$45=D69)*(RIGHT(Tanicuchí!$A$11:$A$45,1)="F")*VALUE("0"&SUBSTITUTE(SUBSTITUTE(UPPER(Tanicuchí!$A$11:$A$45),"F",""),"M",""))))&"F"),"✖ error") -> ✖ error | M69: 1M – 8M | N69: =IFERROR(IF(J69=0,"—",(1000-SUMPRODUCT(MAX((Tanicuchí!$B$11:$B$45=D69)*(RIGHT(Tanicuchí!$A$11:$A$45,1)="M")*(1000-VALUE("0"&SUBSTITUTE(SUBSTITUTE(UPPER(Tanicuchí!$A$11:$A$45),"F",""),"M",""))))))&"M – "&SUMPRODUCT(MAX((Tanicuchí!$B$11:$B$45=D69)*(RIGHT(Tanicuchí!$A$11:$A$45,1)="M")*VALUE("0"&SUBSTITUTE(SUBSTITUTE(UPPER(Tanicuchí!$A$11:$A$45),"F",""),"M",""))))&"M"),"✖ error") -> ✖ error | O69: 16 | P69: =IFERROR(IF(AND(E69=F69,G69=H69,I69=J69,K69=L69,M69=N69,SUMPRODUCT((Tanicuchí!$B$11:$B$45=D69)*(RIGHT(Tanicuchí!$A$11:$A$45,1)="F"))=8,SUMPRODUCT((Tanicuchí!$B$11:$B$45=D69)*(RIGHT(Tanicuchí!$A$11:$A$45,1)="F")*VALUE("0"&SUBSTITUTE(SUBSTITUTE(UPPER(Tanicuchí!$A$11:$A$45),"F",""),"M","")))=36,SUMPRODUCT((Tanicuchí!$B$11:$B$45=D69)*(RIGHT(Tanicuchí!$A$11:$A$45,1)="F")*VALUE("0"&SUBSTITUTE(SUBSTITUTE(UPPER(Tanicuchí!$A$11:$A$45),"F",""),"M",""))^2)=204,SUMPRODUCT((Tanicuchí!$B$11:$B$45=D69)*(RIGHT(Tanicuchí!$A$11:$A$45,1)="M"))=8,SUMPRODUCT((Tanicuchí!$B$11:$B$45=D69)*(RIGHT(Tanicuchí!$A$11:$A$45,1)="M")*VALUE("0"&SUBSTITUTE(SUBSTITUTE(UPPER(Tanicuchí!$A$11:$A$45),"F",""),"M","")))=36,SUMPRODUCT((Tanicuchí!$B$11:$B$45=D69)*(RIGHT(Tanicuchí!$A$11:$A$45,1)="M")*VALUE("0"&SUBSTITUTE(SUBSTITUTE(UPPER(Tanicuchí!$A$11:$A$45),"F",""),"M",""))^2)=204),"✔ Verificado","✖ Revisar"),"✖ Revisar") -> ✖ Revisar
A70: Tanicuchí | B70: — | C70: 1790 | D70: U. E. MARCO AURELIO SUBIA MARTINEZ BATALLA DE PANUPALI / ESC.BATALLA DE PANUPALI | E70: 4200 | F70: =SUMIFS(Tanicuchí!$E$5:$E$7,Tanicuchí!$B$5:$B$7,D70) -> 4200 | G70: 6 | H70: =COUNTIFS(Tanicuchí!$B$11:$B$45,D70,Tanicuchí!$A$11:$A$45,"*F") -> 6 | I70: 6 | J70: =COUNTIFS(Tanicuchí!$B$11:$B$45,D70,Tanicuchí!$A$11:$A$45,"*M") -> 6 | K70: 9F – 14F | L70: =IFERROR(IF(H70=0,"—",(1000-SUMPRODUCT(MAX((Tanicuchí!$B$11:$B$45=D70)*(RIGHT(Tanicuchí!$A$11:$A$45,1)="F")*(1000-VALUE("0"&SUBSTITUTE(SUBSTITUTE(UPPER(Tanicuchí!$A$11:$A$45),"F",""),"M",""))))))&"F – "&SUMPRODUCT(MAX((Tanicuchí!$B$11:$B$45=D70)*(RIGHT(Tanicuchí!$A$11:$A$45,1)="F")*VALUE("0"&SUBSTITUTE(SUBSTITUTE(UPPER(Tanicuchí!$A$11:$A$45),"F",""),"M",""))))&"F"),"✖ error") -> ✖ error | M70: 9M – 14M | N70: =IFERROR(IF(J70=0,"—",(1000-SUMPRODUCT(MAX((Tanicuchí!$B$11:$B$45=D70)*(RIGHT(Tanicuchí!$A$11:$A$45,1)="M")*(1000-VALUE("0"&SUBSTITUTE(SUBSTITUTE(UPPER(Tanicuchí!$A$11:$A$45),"F",""),"M",""))))))&"M – "&SUMPRODUCT(MAX((Tanicuchí!$B$11:$B$45=D70)*(RIGHT(Tanicuchí!$A$11:$A$45,1)="M")*VALUE("0"&SUBSTITUTE(SUBSTITUTE(UPPER(Tanicuchí!$A$11:$A$45),"F",""),"M",""))))&"M"),"✖ error") -> ✖ error | O70: 12 | P70: =IFERROR(IF(AND(E70=F70,G70=H70,I70=J70,K70=L70,M70=N70,SUMPRODUCT((Tanicuchí!$B$11:$B$45=D70)*(RIGHT(Tanicuchí!$A$11:$A$45,1)="F"))=6,SUMPRODUCT((Tanicuchí!$B$11:$B$45=D70)*(RIGHT(Tanicuchí!$A$11:$A$45,1)="F")*VALUE("0"&SUBSTITUTE(SUBSTITUTE(UPPER(Tanicuchí!$A$11:$A$45),"F",""),"M","")))=69,SUMPRODUCT((Tanicuchí!$B$11:$B$45=D70)*(RIGHT(Tanicuchí!$A$11:$A$45,1)="F")*VALUE("0"&SUBSTITUTE(SUBSTITUTE(UPPER(Tanicuchí!$A$11:$A$45),"F",""),"M",""))^2)=811,SUMPRODUCT((Tanicuchí!$B$11:$B$45=D70)*(RIGHT(Tanicuchí!$A$11:$A$45,1)="M"))=6,SUMPRODUCT((Tanicuchí!$B$11:$B$45=D70)*(RIGHT(Tanicuchí!$A$11:$A$45,1)="M")*VALUE("0"&SUBSTITUTE(SUBSTITUTE(UPPER(Tanicuchí!$A$11:$A$45),"F",""),"M","")))=69,SUMPRODUCT((Tanicuchí!$B$11:$B$45=D70)*(RIGHT(Tanicuchí!$A$11:$A$45,1)="M")*VALUE("0"&SUBSTITUTE(SUBSTITUTE(UPPER(Tanicuchí!$A$11:$A$45),"F",""),"M",""))^2)=811),"✔ Verificado","✖ Revisar"),"✖ Revisar") -> ✖ Revisar
A71: Tanicuchí | B71: — | C71: 6311 | D71: CENTRO. INTERCULTURAL COMUNITARIO TANICUCHI | E71: 1997 | F71: =SUMIFS(Tanicuchí!$E$5:$E$7,Tanicuchí!$B$5:$B$7,D71) -> 1997 | G71: 4 | H71: =COUNTIFS(Tanicuchí!$B$11:$B$45,D71,Tanicuchí!$A$11:$A$45,"*F") -> 4 | I71: 3 | J71: =COUNTIFS(Tanicuchí!$B$11:$B$45,D71,Tanicuchí!$A$11:$A$45,"*M") -> 3 | K71: 15F – 18F | L71: =IFERROR(IF(H71=0,"—",(1000-SUMPRODUCT(MAX((Tanicuchí!$B$11:$B$45=D71)*(RIGHT(Tanicuchí!$A$11:$A$45,1)="F")*(1000-VALUE("0"&SUBSTITUTE(SUBSTITUTE(UPPER(Tanicuchí!$A$11:$A$45),"F",""),"M",""))))))&"F – "&SUMPRODUCT(MAX((Tanicuchí!$B$11:$B$45=D71)*(RIGHT(Tanicuchí!$A$11:$A$45,1)="F")*VALUE("0"&SUBSTITUTE(SUBSTITUTE(UPPER(Tanicuchí!$A$11:$A$45),"F",""),"M",""))))&"F"),"✖ error") -> ✖ error | M71: 15M – 17M | N71: =IFERROR(IF(J71=0,"—",(1000-SUMPRODUCT(MAX((Tanicuchí!$B$11:$B$45=D71)*(RIGHT(Tanicuchí!$A$11:$A$45,1)="M")*(1000-VALUE("0"&SUBSTITUTE(SUBSTITUTE(UPPER(Tanicuchí!$A$11:$A$45),"F",""),"M",""))))))&"M – "&SUMPRODUCT(MAX((Tanicuchí!$B$11:$B$45=D71)*(RIGHT(Tanicuchí!$A$11:$A$45,1)="M")*VALUE("0"&SUBSTITUTE(SUBSTITUTE(UPPER(Tanicuchí!$A$11:$A$45),"F",""),"M",""))))&"M"),"✖ error") -> ✖ error | O71: 7 | P71: =IFERROR(IF(AND(E71=F71,G71=H71,I71=J71,K71=L71,M71=N71,SUMPRODUCT((Tanicuchí!$B$11:$B$45=D71)*(RIGHT(Tanicuchí!$A$11:$A$45,1)="F"))=4,SUMPRODUCT((Tanicuchí!$B$11:$B$45=D71)*(RIGHT(Tanicuchí!$A$11:$A$45,1)="F")*VALUE("0"&SUBSTITUTE(SUBSTITUTE(UPPER(Tanicuchí!$A$11:$A$45),"F",""),"M","")))=66,SUMPRODUCT((Tanicuchí!$B$11:$B$45=D71)*(RIGHT(Tanicuchí!$A$11:$A$45,1)="F")*VALUE("0"&SUBSTITUTE(SUBSTITUTE(UPPER(Tanicuchí!$A$11:$A$45),"F",""),"M",""))^2)=1094,SUMPRODUCT((Tanicuchí!$B$11:$B$45=D71)*(RIGHT(Tanicuchí!$A$11:$A$45,1)="M"))=3,SUMPRODUCT((Tanicuchí!$B$11:$B$45=D71)*(RIGHT(Tanicuchí!$A$11:$A$45,1)="M")*VALUE("0"&SUBSTITUTE(SUBSTITUTE(UPPER(Tanicuchí!$A$11:$A$45),"F",""),"M","")))=48,SUMPRODUCT((Tanicuchí!$B$11:$B$45=D71)*(RIGHT(Tanicuchí!$A$11:$A$45,1)="M")*VALUE("0"&SUBSTITUTE(SUBSTITUTE(UPPER(Tanicuchí!$A$11:$A$45),"F",""),"M",""))^2)=770),"✔ Verificado","✖ Revisar"),"✖ Revisar") -> ✖ Revisar
A72: Toacaso | B72: — | C72: 1573 | D72: U.E. TOACASO BLOQUE 3 - ESC. SIMON RODRIGUEZ | E72: 3500 | F72: =SUMIFS(Toacaso!$E$5:$E$7,Toacaso!$B$5:$B$7,D72) -> 3500 | G72: 5 | H72: =COUNTIFS(Toacaso!$B$11:$B$41,D72,Toacaso!$A$11:$A$41,"*F") -> 5 | I72: 5 | J72: =COUNTIFS(Toacaso!$B$11:$B$41,D72,Toacaso!$A$11:$A$41,"*M") -> 5 | K72: 1F – 5F | L72: =IFERROR(IF(H72=0,"—",(1000-SUMPRODUCT(MAX((Toacaso!$B$11:$B$41=D72)*(RIGHT(Toacaso!$A$11:$A$41,1)="F")*(1000-VALUE("0"&SUBSTITUTE(SUBSTITUTE(UPPER(Toacaso!$A$11:$A$41),"F",""),"M",""))))))&"F – "&SUMPRODUCT(MAX((Toacaso!$B$11:$B$41=D72)*(RIGHT(Toacaso!$A$11:$A$41,1)="F")*VALUE("0"&SUBSTITUTE(SUBSTITUTE(UPPER(Toacaso!$A$11:$A$41),"F",""),"M",""))))&"F"),"✖ error") -> ✖ error | M72: 1M – 5M | N72: =IFERROR(IF(J72=0,"—",(1000-SUMPRODUCT(MAX((Toacaso!$B$11:$B$41=D72)*(RIGHT(Toacaso!$A$11:$A$41,1)="M")*(1000-VALUE("0"&SUBSTITUTE(SUBSTITUTE(UPPER(Toacaso!$A$11:$A$41),"F",""),"M",""))))))&"M – "&SUMPRODUCT(MAX((Toacaso!$B$11:$B$41=D72)*(RIGHT(Toacaso!$A$11:$A$41,1)="M")*VALUE("0"&SUBSTITUTE(SUBSTITUTE(UPPER(Toacaso!$A$11:$A$41),"F",""),"M",""))))&"M"),"✖ error") -> ✖ error | O72: 10 | P72: =IFERROR(IF(AND(E72=F72,G72=H72,I72=J72,K72=L72,M72=N72,SUMPRODUCT((Toacaso!$B$11:$B$41=D72)*(RIGHT(Toacaso!$A$11:$A$41,1)="F"))=5,SUMPRODUCT((Toacaso!$B$11:$B$41=D72)*(RIGHT(Toacaso!$A$11:$A$41,1)="F")*VALUE("0"&SUBSTITUTE(SUBSTITUTE(UPPER(Toacaso!$A$11:$A$41),"F",""),"M","")))=15,SUMPRODUCT((Toacaso!$B$11:$B$41=D72)*(RIGHT(Toacaso!$A$11:$A$41,1)="F")*VALUE("0"&SUBSTITUTE(SUBSTITUTE(UPPER(Toacaso!$A$11:$A$41),"F",""),"M",""))^2)=55,SUMPRODUCT((Toacaso!$B$11:$B$41=D72)*(RIGHT(Toacaso!$A$11:$A$41,1)="M"))=5,SUMPRODUCT((Toacaso!$B$11:$B$41=D72)*(RIGHT(Toacaso!$A$11:$A$41,1)="M")*VALUE("0"&SUBSTITUTE(SUBSTITUTE(UPPER(Toacaso!$A$11:$A$41),"F",""),"M","")))=15,SUMPRODUCT((Toacaso!$B$11:$B$41=D72)*(RIGHT(Toacaso!$A$11:$A$41,1)="M")*VALUE("0"&SUBSTITUTE(SUBSTITUTE(UPPER(Toacaso!$A$11:$A$41),"F",""),"M",""))^2)=55),"✔ Verificado","✖ Revisar"),"✖ Revisar") -> ✖ Revisar
A73: Toacaso | B73: — | C73: 1574 | D73: U.E. TOACASO - COL. TÉCNICO TOACASO | E73: 3500 | F73: =SUMIFS(Toacaso!$E$5:$E$7,Toacaso!$B$5:$B$7,D73) -> 3500 | G73: 5 | H73: =COUNTIFS(Toacaso!$B$11:$B$41,D73,Toacaso!$A$11:$A$41,"*F") -> 5 | I73: 5 | J73: =COUNTIFS(Toacaso!$B$11:$B$41,D73,Toacaso!$A$11:$A$41,"*M") -> 5 | K73: 6F – 10F | L73: =IFERROR(IF(H73=0,"—",(1000-SUMPRODUCT(MAX((Toacaso!$B$11:$B$41=D73)*(RIGHT(Toacaso!$A$11:$A$41,1)="F")*(1000-VALUE("0"&SUBSTITUTE(SUBSTITUTE(UPPER(Toacaso!$A$11:$A$41),"F",""),"M",""))))))&"F – "&SUMPRODUCT(MAX((Toacaso!$B$11:$B$41=D73)*(RIGHT(Toacaso!$A$11:$A$41,1)="F")*VALUE("0"&SUBSTITUTE(SUBSTITUTE(UPPER(Toacaso!$A$11:$A$41),"F",""),"M",""))))&"F"),"✖ error") -> ✖ error | M73: 6M – 10M | N73: =IFERROR(IF(J73=0,"—",(1000-SUMPRODUCT(MAX((Toacaso!$B$11:$B$41=D73)*(RIGHT(Toacaso!$A$11:$A$41,1)="M")*(1000-VALUE("0"&SUBSTITUTE(SUBSTITUTE(UPPER(Toacaso!$A$11:$A$41),"F",""),"M",""))))))&"M – "&SUMPRODUCT(MAX((Toacaso!$B$11:$B$41=D73)*(RIGHT(Toacaso!$A$11:$A$41,1)="M")*VALUE("0"&SUBSTITUTE(SUBSTITUTE(UPPER(Toacaso!$A$11:$A$41),"F",""),"M",""))))&"M"),"✖ error") -> ✖ error | O73: 10 | P73: =IFERROR(IF(AND(E73=F73,G73=H73,I73=J73,K73=L73,M73=N73,SUMPRODUCT((Toacaso!$B$11:$B$41=D73)*(RIGHT(Toacaso!$A$11:$A$41,1)="F"))=5,SUMPRODUCT((Toacaso!$B$11:$B$41=D73)*(RIGHT(Toacaso!$A$11:$A$41,1)="F")*VALUE("0"&SUBSTITUTE(SUBSTITUTE(UPPER(Toacaso!$A$11:$A$41),"F",""),"M","")))=40,SUMPRODUCT((Toacaso!$B$11:$B$41=D73)*(RIGHT(Toacaso!$A$11:$A$41,1)="F")*VALUE("0"&SUBSTITUTE(SUBSTITUTE(UPPER(Toacaso!$A$11:$A$41),"F",""),"M",""))^2)=330,SUMPRODUCT((Toacaso!$B$11:$B$41=D73)*(RIGHT(Toacaso!$A$11:$A$41,1)="M"))=5,SUMPRODUCT((Toacaso!$B$11:$B$41=D73)*(RIGHT(Toacaso!$A$11:$A$41,1)="M")*VALUE("0"&SUBSTITUTE(SUBSTITUTE(UPPER(Toacaso!$A$11:$A$41),"F",""),"M","")))=40,SUMPRODUCT((Toacaso!$B$11:$B$41=D73)*(RIGHT(Toacaso!$A$11:$A$41,1)="M")*VALUE("0"&SUBSTITUTE(SUBSTITUTE(UPPER(Toacaso!$A$11:$A$41),"F",""),"M",""))^2)=330),"✔ Verificado","✖ Revisar"),"✖ Revisar") -> ✖ Revisar
A74: Toacaso | B74: — | C74: 6312 | D74: U.E. TOACASO BLOQUE 2 | E74: 3306 | F74: =SUMIFS(Toacaso!$E$5:$E$7,Toacaso!$B$5:$B$7,D74) -> 3306 | G74: 6 | H74: =COUNTIFS(Toacaso!$B$11:$B$41,D74,Toacaso!$A$11:$A$41,"*F") -> 6 | I74: 5 | J74: =COUNTIFS(Toacaso!$B$11:$B$41,D74,Toacaso!$A$11:$A$41,"*M") -> 5 | K74: 11F – 16F | L74: =IFERROR(IF(H74=0,"—",(1000-SUMPRODUCT(MAX((Toacaso!$B$11:$B$41=D74)*(RIGHT(Toacaso!$A$11:$A$41,1)="F")*(1000-VALUE("0"&SUBSTITUTE(SUBSTITUTE(UPPER(Toacaso!$A$11:$A$41),"F",""),"M",""))))))&"F – "&SUMPRODUCT(MAX((Toacaso!$B$11:$B$41=D74)*(RIGHT(Toacaso!$A$11:$A$41,1)="F")*VALUE("0"&SUBSTITUTE(SUBSTITUTE(UPPER(Toacaso!$A$11:$A$41),"F",""),"M",""))))&"F"),"✖ error") -> ✖ error | M74: 11M – 15M | N74: =IFERROR(IF(J74=0,"—",(1000-SUMPRODUCT(MAX((Toacaso!$B$11:$B$41=D74)*(RIGHT(Toacaso!$A$11:$A$41,1)="M")*(1000-VALUE("0"&SUBSTITUTE(SUBSTITUTE(UPPER(Toacaso!$A$11:$A$41),"F",""),"M",""))))))&"M – "&SUMPRODUCT(MAX((Toacaso!$B$11:$B$41=D74)*(RIGHT(Toacaso!$A$11:$A$41,1)="M")*VALUE("0"&SUBSTITUTE(SUBSTITUTE(UPPER(Toacaso!$A$11:$A$41),"F",""),"M",""))))&"M"),"✖ error") -> ✖ error | O74: 11 | P74: =IFERROR(IF(AND(E74=F74,G74=H74,I74=J74,K74=L74,M74=N74,SUMPRODUCT((Toacaso!$B$11:$B$41=D74)*(RIGHT(Toacaso!$A$11:$A$41,1)="F"))=6,SUMPRODUCT((Toacaso!$B$11:$B$41=D74)*(RIGHT(Toacaso!$A$11:$A$41,1)="F")*VALUE("0"&SUBSTITUTE(SUBSTITUTE(UPPER(Toacaso!$A$11:$A$41),"F",""),"M","")))=81,SUMPRODUCT((Toacaso!$B$11:$B$41=D74)*(RIGHT(Toacaso!$A$11:$A$41,1)="F")*VALUE("0"&SUBSTITUTE(SUBSTITUTE(UPPER(Toacaso!$A$11:$A$41),"F",""),"M",""))^2)=1111,SUMPRODUCT((Toacaso!$B$11:$B$41=D74)*(RIGHT(Toacaso!$A$11:$A$41,1)="M"))=5,SUMPRODUCT((Toacaso!$B$11:$B$41=D74)*(RIGHT(Toacaso!$A$11:$A$41,1)="M")*VALUE("0"&SUBSTITUTE(SUBSTITUTE(UPPER(Toacaso!$A$11:$A$41),"F",""),"M","")))=65,SUMPRODUCT((Toacaso!$B$11:$B$41=D74)*(RIGHT(Toacaso!$A$11:$A$41,1)="M")*VALUE("0"&SUBSTITUTE(SUBSTITUTE(UPPER(Toacaso!$A$11:$A$41),"F",""),"M",""))^2)=855),"✔ Verificado","✖ Revisar"),"✖ Revisar") -> ✖ Revisar

Sheet Notas
A1: Cédulas duplicadas y Google Sheets
A3: Cada hoja de parroquia ya trae formato condicional (basado en COUNTIF) que pinta en rojo una cédula repetida DENTRO de esa misma parroquia (coordinadores y veedores). Esta fórmula es estándar, sin rangos con nombre ni INDIRECT, así que normalmente se conserva bien al subir el archivo a Google Sheets, y funciona en tiempo real sin necesidad de ningún script.
A4: Para confirmarlo: abre la hoja en Sheets, selecciona la columna Cédula de cualquier parroquia y ve a Formato > Formato condicional; debe aparecer una regla con 'Fórmula personalizada'.
A6: AUDITORÍA: coordinadores, veedores y trazabilidad de accesos
A7: Las dos acciones del menú Auditar piden una clave antes de ejecutarse: Incluyente2026. Es una barrera básica para evitar que alguien las use por accidente o sin autorización — NO es seguridad real, ya que cualquiera con acceso a Extensiones > Apps Script puede ver la clave en el código.
A8: El registro de ACCESOS (quién abre el archivo) es distinto: se guarda automáticamente cada vez que alguien abre el archivo, SIN pedir clave y sin interrumpir a nadie — es solo trazabilidad silenciosa. Para que identifique correctamente a cada persona (y no aparezca como '(usuario no identificado)'), el archivo debe compartirse solo con cuentas específicas autenticadas (Compartir > agregar personas por su correo), no con un enlace público.
A9: El script distingue dos cosas distintas dentro de las ediciones:
A10: - Un 'registro nuevo': cuando alguien llena por primera vez el nombre de un coordinador (columna F del bloque de coordinadores) o el nombre de un veedor (columna D del bloque de veedores) en una fila que antes estaba vacía. Esto SÍ cuenta como 'coordinador agregado' o 'veedor agregado'.
A11: - Una 'edición' cualquiera: cambiar una cédula, teléfono, corregir un nombre ya existente, etc. Esto cuenta para el total de ediciones, pero no como una persona nueva agregada.
A12: Con esa distinción, quedan dos hojas de control, ambas OCULTAS por defecto y sin ninguna columna agregada dentro de las hojas de parroquia (clic derecho en la barra de pestañas > 'Mostrar hojas ocultas' para verlas cuando las necesites):
A13: - Historial_Ediciones: fecha, usuario, hoja, celda, valor anterior, valor nuevo y el Tipo de registro ('Coordinador nuevo', 'Veedor nuevo' o vacío si es una edición común).
A14: - Historial_Accesos: fecha y usuario, una fila cada vez que alguien abre el archivo.
... A27: function onOpen() { SpreadsheetApp.getUi() .createMenu('Auditar') .addItem('Revisar cédulas duplicadas (todo Latacunga)', 'revisarCedulasDuplicadas') .addItem('Generar reporte de actividad', 'generarReporteActividad') .addToUi(); registrarAcceso(); } // ------------------------------------------------------------------ // AUDITORÍA: registrar cada apertura del archivo (trazabilidad de accesos). // Se ejecuta sola al abrir el archivo, sin pedir clave ni interrumpir a // quien entra — solo deja constancia de quién y cuándo. // ------------------------------------------------------------------ function registrarAcceso() { try { var ss = SpreadsheetApp.getActiveSpreadsheet(); var hoja = ss.getSheetByName('Historial_Accesos'); if (!hoja) { hoja = ss.insertSheet('Historial_Accesos'); hoja.appendRow(['Fecha y hora', 'Usuario']); hoja.getRange(1, 1, 1, 2).setFontWeight('bold').setBackground('#1F4E78').setFontColor('#FFFFFF'); hoja.hideSheet(); // oculta por defecto, igual que Historial_Ediciones } var usuario = Session.getActiveUser().getEmail() || '(usuario no identificado)'; hoja.appendRow([new Date(), usuario]); } catch (err) { // si falla, no debe impedir que el archivo se abra con normalidad } } // ------------------------------------------------------------------ // CLAVE DE ACCESO para las acciones del menú Auditar. // Nota: esto es una barrera básica (evita clics accidentales), NO es // seguridad real: cualquiera con acceso a Extensiones > Apps Script // puede ver esta clave en el código. // ------------------------------------------------------------------ function verificarClave() { var CLAVE = 'Incluyente2026'; var ui = SpreadsheetApp.getUi(); var respuesta = ui.prompt('Acceso restringido', 'Ingresa la clave para continuar:', ui.ButtonSet.OK_CANCEL); if (respuesta.getSelectedButton() !== ui.Button.OK) return false; if (respuesta.getResponseText() !== CLAVE) { ui.alert('Clave incorrecta. Acción cancelada.'); return false; } return true; } // ------------------------------------------------------------------ // REVISAR CÉDULAS DUPLICADAS (igual que antes) // ------------------------------------------------------------------ function revisarCedulasDuplicadas() { if (!verificarClave()) return; var ss = SpreadsheetApp.getActiveSpreadsheet(); var hojasControl = ['Índice', 'Notas', 'Duplicados', 'Historial_Ediciones', 'Historial_Accesos', 'Reporte']; var hojas = ss.getSheets().filter(function(s) { return hojasControl.indexOf(s.getName()) === -1; }); function leerBloque(sheet, tituloSeccion, colCedula, colNombre, tipo) { var encontrado = sheet.createTextFinder(tituloSeccion).matchEntireCell(false).findNext(); if (!encontrado) return []; var headerRow = encontrado.getRow() + 1; var dataStart = headerRow + 1; var lastRow = sheet.getLastRow(); if (lastRow < dataStart) return []; var maxCol = Math.max(colCedula, colNombre, 2); var datos = sheet.getRange(dataStart, 1, lastRow - dataStart + 1, maxCol).getValues(); var resultados = []; for (var i = 0; i < datos.length; i++) { var fila = datos[i]; var recinto = fila[1]; if (recinto === '' || recinto === null) break; var cedula = String(fila[colCedula - 1]).trim(); var nombre = fila[colNombre - 1]; if (cedula !== '') { resultados.push({ fila: dataStart + i, recinto: recinto, cedula: cedula, nombre: nombre, tipo: tipo }); } } return resultados; } var registros = []; hojas.forEach(function(sheet) { var coord = leerBloque(sheet, 'COORDINADORES POR RECINTO', 7, 6, 'Coordinador'); var veed = leerBloque(sheet, 'VEEDORES POR JUNTA RECEPTORA DEL VOTO (JRV)', 5, 4, 'Veedor'); coord.concat(veed).forEach(function(reg) { reg.parroquia = sheet.getName(); registros.push(reg); }); }); var porCedula = {}; registros.forEach(function(reg) { if (!porCedula[reg.cedula]) porCedula[reg.cedula] = []; porCedula[reg.cedula].push(reg); }); var duplicados = []; Object.keys(porCedula).sort().forEach(function(cedula) { if (porCedula[cedula].length > 1) { porCedula[cedula].forEach(function(reg) { duplicados.push(reg); }); } }); var hojaDup = ss.getSheetByName('Duplicados'); if (hojaDup) ss.deleteSheet(hojaDup); hojaDup = ss.insertSheet('Duplicados'); hojaDup.getRange(1, 1).setValue('Reporte de cédulas duplicadas — Cantón Latacunga') .setFontWeight('bold').setFontSize(13).setFontColor('#1F4E78'); hojaDup.getRange(2, 1).setValue('Generado: ' + new Date().toLocaleString()) .setFontStyle('italic').setFontColor('#666666'); if (duplicados.length === 0) { hojaDup.getRange(4, 1).setValue('No se encontraron cédulas duplicadas.').setFontWeight('bold'); } else { var headers = ['Cédula', 'Parroquia', 'Tipo', 'Recinto electoral', 'Nombre', 'Fila en su hoja']; hojaDup.getRange(4, 1, 1, headers.length).setValues([headers]) .setFontWeight('bold').setFontColor('#FFFFFF').setBackground('#1F4E78'); var filas = duplicados.map(function(r) { return [r.cedula, r.parroquia, r.tipo, r.recinto, r.nombre, r.fila]; }); hojaDup.getRange(5, 1, filas.length, headers.length).setValues(filas); var nDup = Object.keys(porCedula).filter(function(c) { return porCedula[c].length > 1; }).length; hojaDup.getRange(3, 1).setValue('Se encontraron ' + nDup + ' cédula(s) duplicada(s), en ' + filas.length + ' registro(s).') .setFontWeight('bold').setFontColor('#C00000'); hojaDup.autoResizeColumns(1, headers.length); } hojaDup.setColumnWidth(4, 320); ss.setActiveSheet(hojaDup); SpreadsheetApp.getUi().alert('Revisión completa. Revisa la hoja "Duplicados".'); } // ------------------------------------------------------------------ // Ubica en qué bloque (Coordinador/Veedor) cae una fila de una hoja de parroquia, // buscando los títulos de sección. Se usa para clasificar cada edición. // ------------------------------------------------------------------ function ubicarBloque(sheet, fila) { var coordTitulo = sheet.createTextFinder('COORDINADORES POR RECINTO').matchEntireCell(false).findNext(); var veedTitulo = sheet.createTextFinder('VEEDORES POR JUNTA RECEPTORA DEL VOTO (JRV)').matchEntireCell(false).findNext(); if (!coordTitulo || !veedTitulo) return null; var coordDataStart = coordTitulo.getRow() + 2; var veedTituloRow = veedTitulo.getRow(); var veedDataStart = veedTituloRow + 2; if (fila >= coordDataStart && fila < veedTituloRow) { return { tipo: 'Coordinador', colNombre: 6 }; // columna F } if (fila >= veedDataStart) { return { tipo: 'Veedor', colNombre: 4 }; // columna D } return null; } // ------------------------------------------------------------------ // AUDITORÍA: registrar cada edición de celda, clasificando si es un // coordinador o veedor NUEVO (nombre que pasó de vacío a lleno). // ------------------------------------------------------------------ function onEdit(e) { try { var sheet = e.range.getSheet(); var nombreHoja = sheet.getName(); var hojasControl = ['Historial_Ediciones', 'Historial_Accesos', 'Reporte', 'Notas', 'Índice', 'Duplicados']; if (hojasControl.indexOf(nombreHoja) !== -1) return; var ss = SpreadsheetApp.getActiveSpreadsheet(); var hoja = ss.getSheetByName('Historial_Ediciones'); if (!hoja) { hoja = ss.insertSheet('Historial_Ediciones'); hoja.appendRow(['Fecha y hora', 'Usuario', 'Hoja', 'Celda', 'Valor anterior', 'Valor nuevo', 'Tipo de registro']); hoja.getRange(1, 1, 1, 7).setFontWeight('bold').setBackground('#1F4E78').setFontColor('#FFFFFF'); hoja.hideSheet(); // oculta por defecto: no debe estorbar a quien solo llena datos } var usuario = Session.getActiveUser().getEmail() || '(usuario no identificado)'; var fila = e.range.getRow(); var col = e.range.getColumn(); var anterior = (e.oldValue !== undefined ? e.oldValue : ''); var nuevo = (e.value !== undefined ? e.value : ''); var tipoRegistro = ''; var bloque = ubicarBloque(sheet, fila); if (bloque && col === bloque.colNombre && (anterior === '' || anterior === undefined) && nuevo !== '') { tipoRegistro = bloque.tipo + ' nuevo'; // "Coordinador nuevo" o "Veedor nuevo" } hoja.appendRow([new Date(), usuario, nombreHoja, e.range.getA1Notation(), anterior, nuevo, tipoRegistro]); } catch (err) { // no interrumpir la edición del usuario si el registro falla } } // ------------------------------------------------------------------ // REPORTE DE ACTIVIDAD: coordinadores agregados, veedores agregados // y total de ediciones por usuario, con gráfico. // ------------------------------------------------------------------ function generarReporteActividad() { if (!verificarClave()) return; var ss = SpreadsheetApp.getActiveSpreadsheet(); var hojaEd = ss.getSheetByName('Historial_Ediciones'); var hojaAc = ss.getSheetByName('Historial_Accesos'); var porUsuario = {}; // usuario -> {coordinadores, veedores, totalEdiciones, accesos} function get(u) { if (!porUsuario[u]) porUsuario[u] = { coordinadores: 0, veedores: 0, total: 0, accesos: 0 }; return porUsuario[u]; } if (hojaEd && hojaEd.getLastRow() > 1) { hojaEd.getRange(2, 1, hojaEd.getLastRow() - 1, 7).getValues().forEach(function(fila) { var u = fila[1] || '(usuario no identificado)'; var tipo = fila[6]; var d = get(u); d.total += 1; if (tipo === 'Coordinador nuevo') d.coordinadores += 1; if (tipo === 'Veedor nuevo') d.veedores += 1; }); } if (hojaAc && hojaAc.getLastRow() > 1) { hojaAc.getRange(2, 1, hojaAc.getLastRow() - 1, 2).getValues().forEach(function(fila) { var u = fila[1] || '(usuario no identificado)'; get(u).accesos += 1; }); } var hojaRep = ss.getSheetByName('Reporte'); if (hojaRep) ss.deleteSheet(hojaRep); hojaRep = ss.insertSheet('Reporte'); hojaRep.getRange(1, 1).setValue('Reporte de actividad — Latacunga') .setFontWeight('bold').setFontSize(13).setFontColor('#1F4E78'); hojaRep.getRange(2, 1).setValue('Generado: ' + new Date().toLocaleString()) .setFontStyle('italic').setFontColor('#666666'); var headers = ['Usuario', 'Coordinadores agregados', 'Veedores agregados', 'Total de ediciones', 'N° de accesos al archivo']; hojaRep.getRange(4, 1, 1, headers.length).setValues([headers]) .setFontWeight('bold').setBackground('#1F4E78').setFontColor('#FFFFFF'); var filas = Object.keys(porUsuario).map(function(u) { var d = porUsuario[u]; return [u, d.coordinadores, d.veedores, d.total, d.accesos]; }); // Ordenar por total de personas agregadas (coordinadores + veedores), de mayor a menor filas.sort(function(a, b) { return (b[1] + b[2]) - (a[1] + a[2]); }); if (filas.length > 0) { hojaRep.getRange(5, 1, filas.length, headers.length).setValues(filas); hojaRep.autoResizeColumns(1, headers.length); // Gráfico 1: Coordinadores agregados vs Veedores agregados, por usuario var rangoUsuarios = hojaRep.getRange(4, 1, filas.length + 1, 1); var rangoCoordVeed = hojaRep.getRange(4, 2, filas.length + 1, 2); var chart1 = hojaRep.newChart() .setChartType(Charts.ChartType.COLUMN) .addRange(rangoUsuarios) .addRange(rangoCoordVeed) .setPosition(filas.length + 8, 1, 0, 0) .setOption('title', 'Coordinadores y veedores agregados por usuario') .setOption('legend', { position: 'top' }) .build(); hojaRep.insertChart(chart1); // Gráfico 2: Accesos al archivo por usuario (trazabilidad de quién lo abre) var rangoAccesos = hojaRep.getRange(4, 5, filas.length + 1, 1); var chart2 = hojaRep.newChart() .setChartType(Charts.ChartType.COLUMN) .addRange(rangoUsuarios) .addRange(rangoAccesos) .setPosition(filas.length + 8, 8, 0, 0) .setOption('title', 'Accesos al archivo por usuario') .setOption('legend', { position: 'none' }) .build(); hojaRep.insertChart(chart2); } else { hojaRep.getRange(5, 1).setValue('Aún no hay actividad registrada.'); } ss.setActiveSheet(hojaRep); SpreadsheetApp.getUi().alert('Reporte de actividad generado (hoja "Reporte").'); }

Sheet Historial_Ediciones
A1: Fecha y hora | B1: Usuario | C1: Hoja | D1: Celda | E1: Valor anterior | F1: Valor nuevo

Sheet Historial_Accesos
A1: Fecha y hora | B1: Usuario
